,Facility Identifier,GlobalID,Longitude,Latitude
1,DP01-12022-1,{2930B26A-DE4C-4E36-8E9D-20B5B8F77DA9},-117.71479,33.464085
2,DP01-12022-2,{F1A20556-9AFE-4BFC-A5BD-765B4F16802D},-117.716091,33.466503
3,DP04-12015-1,{B9E368D1-0601-4D99-B7EE-076F034D1D23},-117.7474477,33.50464905
4,DP06-12106-1,{FA96D381-A5FA-4EF8-9755-46E6C80C3DBB},-117.688411,33.46389565
5,I00-11437-1,{0D61E2AD-DA3C-4EE6-AD1B-32E44854CAA2},-117.7702547,33.53349571
6,I00-11453-1,{171AC70D-B722-42FD-9ADA-813B331846A7},-117.7805154,33.53709679
7,I00-11468-1,{60A6CD6E-DA16-422B-8EDA-6D2EFD365167},-117.7690133,33.53565787
8,I00-11518-1,{77142EB8-ED5A-457E-A15B-0DA4FE92CCF2},-117.7733308,33.52971644
9,I00-11518-2,{43927D34-5C8D-480F-9527-A565DA0C7C0C},-117.772636,33.528629
10,I01-11010-1,{25FC0B7A-A34B-48D1-86FD-00FA62D21B2B},-117.7834119,33.54416454
11,I01-11015-2,{7466B2A4-CC2D-4862-BC7C-0ABA52F841B0},-117.7815571,33.54790609
12,I01-11015-3,{DB9C2669-FA77-4FA1-A76C-F2D11E0410E4},-117.7815464,33.54793033
13,I01-11023-1,{EC705F4A-8057-41AB-99F6-CDD22A7AEEDC},-117.7803262,33.54963669
14,I01-11023-2,{038D9EF3-E345-4A2B-A2E8-4C86B0814F1F},-117.7795866,33.55023025
15,I01-11023-3,{B1E7A48B-1DC2-43B1-BE7B-17B6936EF467},-117.7789163,33.55073178
16,I01-11023-4,{4299039A-0613-47FF-B808-7CF8CD065E00},-117.7782698,33.55119472
17,I01-11023-5,{37C6F748-E62C-4DCD-89A7-0CB6EFB76B47},-117.7782669,33.55124303
18,I01-11059-1,{C71E52F8-AC08-4469-BA89-8E02697C744D},-117.7755089,33.55357149
19,I01-11059-2,{8A75D24A-9302-4837-9C8D-5CEE11DCAB92},-117.7754408,33.5535769
20,I01-11059-3,{DB859266-5BF1-4E9B-91AB-9674CD92B469},-117.7753481,33.55369586
21,I01-11065-1,{343D946F-618A-4C8F-BECA-AAD6427C9CAA},-117.7731408,33.55771802
22,I01-11077-1,{ED3BCD26-6F4E-4AE2-9C8B-80EDA743C061},-117.7679944,33.56321823
23,I01-11077-2,{B9DC0E18-53B8-47A3-A9E6-B022A6119F8C},-117.7678685,33.56314232
24,I01-11093-1,{A6CD0460-3E4D-434A-8EED-4ABA7D87A2EB},-117.7725813,33.5586741
25,I01-11093-2,{50B8F0F5-D3AB-43AA-9466-0350D018EEA8},-117.7697325,33.56267164
26,I01-11195-2,{86E3548C-66A9-4F7B-BC80-1C6D6520BA51},-117.7515792,33.58990998
27,I01-11216-1 (I02P13),{407CFB17-3B6F-4280-9700-B0FD229A0C5E},-117.7472414,33.59874987
28,I01-11216-2 (I02P12),{3E6152B4-AA12-4483-A315-F2A09982301C},-117.7472017,33.59875002
29,I01-11216-3,{DB80E054-4D2C-4D53-8065-26F13D35FE95},-117.7470641,33.59871601
30,I01-11216-4 (I02P14),{BD8B9607-5DAE-4D8D-9B8E-9B2DC1C2A8C1},-117.7462112,33.59823241
31,I01-11217-1,{6731B5BE-BAEC-490D-90D1-2CBFABE191C3},-117.7462887,33.59737837
32,I01-11343-1,{2889E41D-D4E7-47BA-843A-5A6D17AF80DF},-117.7552383,33.61120531
33,I01-11343-2 (I02P18),{9A50D575-FFD5-41A9-B523-61D9221779CD},-117.7539721,33.61211013
34,I01-11487-1,{5950041F-4A9F-49ED-994B-C50CD46C105C},-117.7852577,33.54221573
35,I01-11487-2,{04035718-9418-4D9D-BE25-7FB1C35BC0A0},-117.7835203,33.54099301
36,I01-11502-1,{C081E89B-5CDA-439B-97FB-CCA6D19E46F4},-117.7484889,33.59564552
37,I01-11503-3,{8617AFA3-52A5-463C-8916-03BC38AAFBC4},-117.7493187,33.5934822
38,I01-11503-5,{CEFC14D7-9ED9-43A9-BA53-748978BC75CB},-117.749522,33.593542
39,J01-10004-1 (J01P01),{2B86E2C7-7931-456A-BDF6-8E5B829C36D2},-117.6769005,33.63341124
40,J01-10004-2,{FC0A0575-4F9F-4F48-92CC-AA2CA9B5047D},-117.6746996,33.63406841
41,J01-10006-1,{F79CDE56-859F-4A33-BFA7-8A7FFBF9055A},-117.6836706,33.62836754
42,J01-10012-3,{0E023D41-5A3C-41F1-98C3-7CA73337F6D9},-117.6269624,33.66921793
43,J01-10017-1 (J01TBN4),{3A09A49C-9DAA-4A66-898F-7D6115463F96},-117.7170737,33.57090835
44,J01-10019-1 (J01P33),{65AB7468-482A-4869-8212-F73F5CC03224},-117.7184508,33.56456651
45,J01-10041-2 (J03P13),{30268716-5276-44DF-9485-87949570FB12},-117.7088295,33.55263878
46,J01-9005-1 (J03P05),{BEADF14B-536C-491F-AF1C-E6C6959F66BD},-117.7041702,33.53991146
47,J01-9005-3,{8D0A255A-DAB2-4BAC-A4E1-414D7DD8EA41},-117.7030442,33.5461744
48,J01-9007-1 (J02P05),{6367FF6D-1FC8-4E27-B1F3-A8005D44345E},-117.7378266,33.55864514
49,J01-9008-1 (J01P30),{87FF3E7F-0CD3-43AB-8A99-DD46A197D6A4},-117.7133093,33.57677172
50,J01-9031-1,{845D0596-F79C-47AB-8A96-2BF5F46A5F2D},-117.6388505,33.67284809
51,J01-9033-1,{82959DB9-0482-452E-8715-E1BA44BC8E44},-117.6262793,33.67101354
52,J01-9040-1,{7E5CB88D-6665-452A-804A-655CBEAB830F},-117.623537,33.678031
53,J01-9046-1,{7B37BD5E-90A3-4DC7-8721-402EFF48BB71},-117.6597977,33.65453345
54,J01-9046-2,{2E617AF1-4DE3-4D23-81BF-39FAD4E9D040},-117.6596867,33.65446074
55,J01-9046-3,{C52723D5-88DF-4B27-A94D-AEE8BFE85FDF},-117.659418,33.65614256
56,J01-9066-1 (J01P04),{44FB9709-D45F-44FA-A0BF-A0B51C5584F8},-117.6928876,33.6093405
57,J01-9066-2 (J01P03),{F7A1B2B3-02A7-4B84-A84B-A6BA19C83F0B},-117.6927683,33.61059435
58,J01-9082-2,{D7F5B54C-C817-44EE-AD28-FD7E7AE69350},-117.7457601,33.5815891
59,J01-9082-3,{D57375B8-DA33-4EBF-B4C6-11FF1DA7BC5E},-117.7457369,33.58158523
60,J01-9082-4,{AFB6CBDA-AC92-4821-99CD-EDC47B411745},-117.7457266,33.58157074
61,J01-9131-1 (J01P28),{3F8450D4-0881-4A9D-829A-4B4707912F53},-117.715865,33.57471343
62,J01-9144-1 (J01P23),{61303168-3951-41A3-9F99-5A1FBF0706F7},-117.7189509,33.554894
63,J01-9144-4 (J01P26),{55C07C97-F5A8-4AD9-BDD6-F282EF1F22F5},-117.7186966,33.5591058
64,J01-9224-1 (J01P24),{0066DC99-7D9F-42BE-ABDB-C06A68E52A0F},-117.7177983,33.55648201
65,J01-9224-2 (J01P25),{7BFD7882-593A-4F10-AAF7-CC4B57726763},-117.7176799,33.55761613
66,J01-9259-3,{E9D08FC2-7F70-4A86-8EF6-2A8BE2A5E6F4},-117.689955,33.62434247
67,J01-9264-1 (J01P06),{86AB9BCD-9766-418C-889A-A078524BE271},-117.6540685,33.66346514
68,J01-9273-1,{1B614B52-1204-4A36-9937-3895C916CE39},-117.7073654,33.59989171
69,J01-9275-1,{D1EBB0B7-3D03-4EE5-8D43-EF34E157DB50},-117.6613528,33.64907787
70,J01-9275-2,{8DD9934B-1D0A-4A08-9886-1E1C2EF93E40},-117.6606465,33.65086633
71,J01-9313-1,{6C557F4D-24D0-4AC7-9549-68AEDF86E4E7},-117.7433926,33.56256131
72,J01-9349-1,{0C4B2C1F-221A-4822-9ED8-4F1AF591803F},-117.6658163,33.64412251
73,J01-9364-3 (J01P21),{45DC9F7E-3DD3-44F6-A4A9-350A8C32653C},-117.7212902,33.54985427
74,J01-9364-4,{51AB1EDB-AED9-40F1-83A8-6391511D250C},-117.7272411,33.54433919
75,J01-9377-1,{3B4E9F27-523C-4F6B-A986-26E060B631EF},-117.6577684,33.65809197
76,J01-9377-2 (J01TBN8),{0F35296A-ECE2-4C19-BD75-E6442A50F57C},-117.653411,33.66001815
77,J01-9782-1 (J01TBN3),{91E48869-6AD5-41B7-8A9B-640ED2238B02},-117.6769216,33.63275609
78,J01-9785-1,{91338D15-19F3-4699-83FA-4C17B2C07214},-117.693665,33.61716175
79,J01-9992-1 (J01P27),{DE6D1FF7-E755-41CE-9C57-7D26DD867CD5},-117.7166123,33.57325594
80,J03-9215-1,{58BF1710-6532-44A0-A4C2-487B6E14647C},-117.7056626,33.53115836
81,J03-9215-3,{096C0676-4771-492B-BAA6-AA39CD7F88A8},-117.7015748,33.53410231
82,J03-9216-1 (J03P01),{B312B909-A14D-4AAA-BB21-74D113055A73},-117.7082473,33.5307754
83,J03-9216-2,{BDBAD671-CCD0-47D1-B121-7ED3242CBA94},-117.7100766,33.5280069
84,J03-9216-5,{17A4B537-06CB-4914-A505-354A1A88B51B},-117.7097701,33.5281727
85,J03-9221-1 (J03P02),{B349E3D1-F18C-44B9-A54D-9A854691EE96},-117.7171712,33.54994727
86,J03-9234-5,{0C213075-F3BE-4202-976F-D3228FB0F4F4},-117.7070197,33.51976015
87,J03-9234-6,{7C898AE5-6408-40A7-9258-052F87B864B0},-117.7065275,33.5196409
88,J03-9234-8,{8BA658D6-F310-40D7-B7B1-E1E606ACD5A0},-117.715433,33.51992
89,J03-9368-1 (J03TBN1),{AAC8234A-5800-4230-971C-633C406E3E23},-117.6974991,33.5378206
90,J03-9368-2 (J03TBN2),{1C987AEE-54C0-42B5-B602-B59EEAD42C2F},-117.6953827,33.5401077
91,J04-9249-1,{43A0D628-01FD-445E-A64B-B954122259BC},-117.7098633,33.55392245
92,J05-9255-1 (J05P01),{E4A45859-C01A-4CBC-8954-294275402A42},-117.706386,33.584603
93,J05-9271-6,{9F5547EB-7FE3-461F-9EBD-E58B4219028B},-117.7044913,33.58731405
94,J05-9800-2,{B447E738-FF4A-4052-83BC-409EFD00CC89},-117.7015945,33.58919536
95,J06-10011-1 (J06P01),{7C52C879-6B87-4321-BC5A-53A3242DD1D9},-117.7157622,33.59504096
96,J06-9079-1 (J06P03),{53829E67-0A5F-46C8-B493-01AC3AA4C5CD},-117.7156422,33.59226263
97,J07-9022-1,{02D8D354-0554-49DF-972A-8BC374B3901B},-117.6747725,33.62678091
98,J07-9022-6,{ED29B567-C00D-4966-8303-25068F8D1BA9},-117.66624,33.628759
99,J07-9109-1,{3908761B-6044-44D9-8A7D-054C86F6D560},-117.6591934,33.63979501
100,J07-9109-2,{728A2E3D-7087-4CD0-B654-7272B31DFBFB},-117.6576127,33.64157324
101,J07-9109-4 (J07P02),{D0C41BF9-0216-43F4-8129-6EAC01EF1A03},-117.6557973,33.64644918
102,J07-9110-1,{FF27122D-EC98-40FC-AE70-E4A3069DC586},-117.6635397,33.63470136
103,J07-9110-2,{E0B5BFB0-FF67-482C-B2DA-0715F995C4FF},-117.6622521,33.6360887
104,J07-9110-3,{07F87B16-7752-4E0E-8F95-EF62C174A7F6},-117.6592759,33.63962029
105,K01-12032-2 (K01P11),{E67A1268-C953-4917-B816-D1F3A4A6B507},-117.7177583,33.51685546
106,K01-12036-1,{492C91F2-212B-4A73-AC7B-107B61D9565F},-117.7188933,33.5071094
107,K01-12036-10,{27FDF89D-E07B-4D2F-B470-DABB97A9B098},-117.716748,33.51221718
108,K01-12036-5,{70D2A74D-50ED-4574-A929-01CB7DE7D000},-117.7180355,33.51166906
109,K01-12058-1 (K01P08),{4C787A96-7840-4AA0-A3A0-EED192734DC5},-117.69462,33.5113
110,K01-12058-2 (K01P09),{C0A795C3-4CA5-4BFE-8231-8B5C12D45F49},-117.6946013,33.51125335
111,K01-12062-1,{DC0E267C-D89F-4834-A9CC-2BD31EFE7608},-117.6906816,33.50914725
112,K01-12126-1 (K01S01),{4B95CAAB-3599-40EF-9AEE-7EB6755113A0},-117.7198758,33.48403393
113,K01-12138-1 (K01TBN1),{7ED3F0F9-CFEC-4D38-9A33-AE41DCBA38E4},-117.6971046,33.5119634
114,K01-12155-1,{EBDB95ED-DC08-4DB5-AB03-DFC2113EF527},-117.7202203,33.49919589
115,K01-12155-5,{F833764D-81C4-470D-A336-B65195ACDDC4},-117.720053,33.50234645
116,K01-12156-1,{5534FF00-8FE3-41EF-BF46-3A596527C17F},-117.71287,33.49693715
117,K01-12156-3,{F7D4DE70-C4F6-4DB8-9F42-612475714A9C},-117.709474,33.50412766
118,K01-12156-6,{6FB4B9E1-BF9D-41E3-9F3C-703D525B54CD},-117.7149148,33.49533383
119,K01-12159-2,{65F1D30E-87BC-47F7-B9E2-465FBE713D1F},-117.7204321,33.4824512
120,K01-12159-3,{1F0E78FB-3598-45E9-815F-9C59DD96DF84},-117.7203981,33.48259382
121,K01-12177-1 (K01P07),{162A0934-2B45-4BAA-AE44-99D3683A47DD},-117.7073807,33.50860089
122,L01-125-1,{5903AEF4-DE41-446D-A41A-D3014DC8AD95},-117.5670968,33.65133621
123,L01-125-2,{DD113CF9-A134-4437-879D-CFE4C8EED772},-117.5592684,33.65543421
124,L01-125-3,{33F2DC65-D927-4563-A681-F329D3F84B4B},-117.5642106,33.65525437
125,L01-218-1,{D9AB8BDF-6FF9-4F23-895B-E154A03243AF},-117.5632954,33.63184411
126,L01-218-2,{36EB35B0-30D7-472E-B8A6-28D21FB8C159},-117.5643856,33.63335256
127,L01-218-3,{25F85F71-7FE3-41F6-8378-9EEFE4D6A956},-117.5672819,33.6382812
128,L01-218-4,{D52E55F3-6949-417B-9C1F-389593FDF685},-117.5692492,33.63861941
129,L01-223-1 (L08TBN1),{920D2923-A87E-4A8C-864D-656B0F11E23F},-117.5646255,33.62071568
130,L01-242-1 (L07P16),{05755366-E1F2-43BB-A1D6-AC836A44F681},-117.5825631,33.61466784
131,L01-261-1,{01783387-75A4-429B-918B-074CD3332D70},-117.5835926,33.6130471
132,L01-303-1,{4DB1E7DE-3FD5-4696-8101-98BEA4A83871},-117.5845432,33.58906495
133,L01-303-2,{DAFC646C-2E59-4F16-8AFD-87B9CAE3A703},-117.5850715,33.59293399
134,L01-303-3,{688139FB-EB67-42AA-848F-C55BF48E6B28},-117.5840821,33.59526175
135,L01-303-4,{DB68879F-B851-41C0-A2C5-D131F57A6ECE},-117.584659,33.596022
136,L01-303-5,{77F01F3D-4632-4CFC-AF1B-CCA5EBF929DB},-117.5843535,33.59975122
137,L01-335-1,{6D056363-053F-45F5-B22A-6CAFD80C097C},-117.6128526,33.57790461
138,L01-335-2,{65AC036E-2F1F-4616-A08A-A4E7B1D38A11},-117.6127492,33.57739792
139,L01-340-1,{F1CABFEE-57C0-45D7-805A-974B2EF723C4},-117.5954402,33.58696205
140,L01-372-1,{0562EDDC-63AD-4A1F-8BB1-E41C2E082A28},-117.585379,33.56873885
141,L01-391-1,{6ACA9BF4-266E-4C31-8EE3-75E5E450E45E},-117.5859165,33.57606988
142,L01-391-3,{D41F3C53-33B2-4B80-AB83-E479787A54C2},-117.5868252,33.57839188
143,L01-399-1,{9F273F46-123A-4CB8-88E1-327AB79BEDBA},-117.546523,33.56325497
144,L01-399-2,{02BEB49C-F068-46E2-825C-68BD9C28CB4E},-117.5467328,33.56270889
145,L01-404-1,{CDCEA1A5-E306-47B2-8945-27B1CD159C10},-117.5858466,33.56452183
146,L01-404-2,{1E7BFD35-867B-41B5-9FF2-898F561EE27E},-117.5855227,33.56345111
147,L01-414-1,{68338A6C-A350-4B2E-90E5-C3AA59C3D9A8},-117.5905481,33.56170664
148,L01-414-2,{424C51CE-5569-476A-8035-40A7D01575A0},-117.5920748,33.56488962
149,L01-414-3,{834FBB7A-F243-4A65-80C6-AE688690CC0C},-117.5924377,33.56680442
150,L01-458-1,{12B3B591-46D7-4C09-AEF9-0205FDAAC85B},-117.615117,33.5249855
151,L01-471-1,{1506D8A1-1F63-4CAD-971D-6107A4006B15},-117.5973064,33.52557232
152,L01-494-1,{8ACA8CDD-8242-491B-B115-35F97FCC3354},-117.6076268,33.52846755
153,L01-514-1,{7A6C6799-AB04-4589-9958-5C84F3951CFC},-117.6229158,33.52388419
154,L01-517-1,{CD0E12FD-1932-4531-BF8C-AE40939F31B4},-117.6256819,33.51866901
155,L01-517-2,{E56548DF-493B-422E-A5B8-8731DDBDFE40},-117.6257208,33.51860298
156,L01-517-3,{6F4B7E90-A083-4289-A5D6-7E68F3E03AB8},-117.6202815,33.52266244
157,L01-517-6,{E5E98A69-01CF-4012-9B40-92C07976275C},-117.618989,33.52411358
158,L01-517-7,{91F7E163-76E3-4E60-AF6E-ABEF81E97F26},-117.6195437,33.52425393
159,L01-517-8,{01A02819-9301-488A-B748-0623EE010001},-117.6245,33.518737
160,L01-556-1,{4FE0C734-3649-4717-871F-7A7EB924A050},-117.6451428,33.50553072
161,L01-601-1,{6E297702-950B-4ECB-93F7-6D8CE2CE5D00},-117.677888,33.48172393
162,L01-602-2,{99C5D60F-3F09-4BFF-AE19-4319471F81EF},-117.6536768,33.49828674
163,L01-613-1,{66BF25E7-7C2E-440C-B88E-6770670FC382},-117.6793327,33.46916647
164,L01-618-1,{6BB44A0A-D350-479C-9FC0-20CB027EB52D},-117.6521706,33.5000465
165,L01-618-2,{DBB6D67B-D85C-4FC2-AE21-A7AD70D991C8},-117.6503658,33.50048772
166,L01-618-3,{A981599B-D002-446E-B808-453E58ACEA12},-117.6500212,33.50155524
167,L01-618-4,{6CAF875E-8955-448F-B3BC-D7F75183DDDE},-117.6485177,33.5025008
168,L01-618-5 (L01S09),{DB6B9824-56ED-459B-A97E-F9966647E89B},-117.64812,33.501988
169,L01-724-1 (L01S01),{8A859AA8-432F-48A4-B9EF-89E317C329D5},-117.6770626,33.48318609
170,L01-724-2,{9AFBCAFD-4410-42DD-A83A-9F170C6B1FBA},-117.6772035,33.48347973
171,L01-724-4 (L01P03),{1A565B60-44E0-4E2C-84FE-2362549F11C4},-117.675358,33.4847041
172,L01-726-2,{2E54A407-3CB1-4115-BE98-54634E27A6A6},-117.6795156,33.47487148
173,L01-726-3,{B22F4F14-A3E0-4A9A-9F0F-891910B4EB75},-117.6788187,33.47522955
174,L01-726-5,{2B22BC20-4B7A-42C3-8427-8487ACC1F123},-117.6793196,33.47582393
175,L01-726-6,{D64CBB08-F94D-40E2-BF24-D05C3319C2F7},-117.6792461,33.47619715
176,L01-726-7,{18A42986-EA31-4E07-A4F6-D18E1CBDE933},-117.678454,33.47686584
177,L01-726-8,{88ED161A-736E-448B-AF46-40F0E8C2F54E},-117.6786837,33.47849535
178,L01-726-9,{8940546C-B67E-42D6-9426-7F1E9452BFE1},-117.6781053,33.47841897
179,L01-727-1 (L01S04),{798A1AA2-7443-4216-9DB2-0FB1B57E4222},-117.6810116,33.47115503
180,L01-727-2,{B9983359-9D26-40FE-905C-4936B6ED0548},-117.6797341,33.47419329
181,L01-727-3,{F5B625B6-1B6F-4CA5-84AD-4CBD11F17148},-117.6801375,33.47155114
182,L01-728-2,{A59E35B2-C9EC-4E24-9DB6-266C60FCB072},-117.6822051,33.46469611
183,L01-728-3 (L01S02),{2A977DCC-7E53-4D85-94F4-061F90A75327},-117.6821413,33.46552248
184,L01-728-4,{87F2F346-2A95-465B-9529-A030D3DAEC5F},-117.6825898,33.46675048
185,L01-728-5 (L01-DP),{239C7351-6675-4B26-B959-1D8B4D6371A5},-117.6822234,33.46822415
186,L01-728-6,{997F43C3-4A2E-4C65-8310-72694AD8EF59},-117.6809003,33.46971487
187,L01-728-7 (L01S03),{9ABFED9B-C141-47FC-9A23-685026E584F9},-117.6796469,33.46920039
188,L01-728-8d,{7A1311A3-7766-418C-8495-C9A419F65188},-117.6773807,33.46066735
189,L01-728-9,{74BEFDA9-4138-4459-9D5E-A60F88FD79B2},-117.6810971,33.47077265
190,L01-730-1,{58435AF7-EDAB-42CB-9CEF-56F94E800788},-117.5638953,33.62428099
191,L01-731-1 (L08TBN2),{3FE0C68B-3BC3-480E-9B51-1965BD8A122E},-117.5660083,33.625156
192,L01-733-7,{A7A8FD25-EE3B-48B7-BEA2-B78102735AA7},-117.582439,33.615481
193,L01-733-2,{0730A3D5-1756-4C6A-B21F-59D067D3F0B4},-117.5827069,33.62048952
194,L01-733-4,{ED00D5DA-856D-4A09-BD27-B31F6E37C9A8},-117.5767258,33.62235401
195,L01-733-5,{9C18A820-40CA-4CA4-B141-8DA9C8401AC6},-117.5767415,33.62234264
196,L01-747-1,{5F6222C0-DE3F-465B-ACE2-7BCF51145055},-117.6345061,33.5089042
197,L01-747-2,{09587147-64CF-499E-B6F3-CA0AB4A5BB40},-117.6330118,33.51061235
198,L01-748-1,{A91AE436-24A4-4432-8197-13B5F01E53A6},-117.6428321,33.50404847
199,L01-748-2,{DBC981FA-992C-4171-A16D-E171B6935A16},-117.6428152,33.50406011
200,L01-749-2d,{F974B699-BEF5-4874-8BF5-762E5BABC0EC},-117.640286,33.50766038
201,L01-749-3,{F283626A-51CD-43CB-A8FF-746A67B87B2B},-117.6389212,33.50819651
202,L01-749-5,{AAAA11DA-67C2-4E13-B18E-11AAEBB0B8F5},-117.636421,33.509183
203,L01-760-1,{304B7146-FAA4-4C9E-85D8-E0AE384F357F},-117.5888937,33.5654904
204,L01-760-2,{2E56C3AD-25AB-4A1C-95D5-7D91A1E793FA},-117.5876262,33.56826629
205,L01-766-2 (L01S06),{6B1E2EC8-33C0-45FC-B9F2-95DAAD8E87F9},-117.6721518,33.48591622
206,L01-766-3,{36C58593-1762-4673-9666-5809B7EDC846},-117.6702887,33.48601029
207,L01-766-4,{48ACB168-9928-43C5-AAD8-5119F46F8CD3},-117.6675898,33.487744
208,L01-766-5,{318F725A-895C-4980-B214-CEAEA72603EF},-117.6667953,33.48754274
209,L01-766-7,{2A3C4022-F5F9-4E4D-864F-F04AB86095CF},-117.663183,33.49229639
210,L01-766-8,{F793BB7D-2AA5-48FA-8294-218E3F3B93B5},-117.6623525,33.49262805
211,L01-766-9,{897EC9EE-5CAB-4DFE-896A-03DD917D9C2F},-117.655642,33.496535
212,L02-166-1 (L02PXX),{16A76DB0-63C1-4ED7-8125-2F40FB1F2F53},-117.6196135,33.6364723
213,L02-166-2 (L02P25),{FF3574C5-E460-4A7F-94BD-7DEF35298977},-117.6178921,33.63763055
214,L02-166-3 (L02P26),{AED9AC9A-14FC-4E0A-BDF2-5D947063BA3D},-117.6137954,33.64461309
215,L02-198-1 (L02P29),{B9C33AB1-61DE-417E-AE9D-511CF2D50E19},-117.6262212,33.6089755
216,L02-204-1 (L02P45),{41CB5673-9B11-493E-B0F9-13C85AD6312E},-117.6233178,33.61913433
217,L02-246-1 (L11P01),{47F2CB46-F01F-4454-981E-098E7CCE32F4},-117.6166004,33.6104653
218,L02-344-1,{AE100243-D2E2-4C52-A74B-B024BF8A3C36},-117.6286899,33.59197631
219,L02-344-2,{E885A8CA-0AA1-47CD-A582-4DCD7E616FC7},-117.6286028,33.59189214
220,L02-359-1 (L02P43),{5281A820-F1BE-47B1-99ED-ECE4A151A02B},-117.6402344,33.57846935
221,L02-366-1 (MVL02P14),{34BE191E-FD69-4347-A83F-3FDAA41E39CE},-117.651036,33.57029493
222,L02-374-1 (L02P50),{5DF64E4A-01D2-4F6C-919E-DCBB0BDD3E55},-117.6460125,33.56985508
223,L02-374-2 (MVL02P20),{B1A00FFE-8CDF-4358-8FDF-A6FA58C9C0BA},-117.6455891,33.57276685
224,L02-396-1,{516167D7-3F5E-403F-A9CA-5AC1AB5EBF37},-117.653792,33.56347893
225,L02-401-1,{14FA5899-75CF-4C8D-8DBB-69BF4CCF982A},-117.6523552,33.56202999
226,L02-401-2 (COL02P55),{6D0EBCA6-4D3F-4C1C-894E-0641CFB65C37},-117.6507363,33.56248669
227,L02-502-1,{80AEE061-5CEE-4A9A-91C8-024626A1725A},-117.6683659,33.52458357
228,L02-502-5,{3912E472-E933-4D2C-AB01-D62EBFBB52E2},-117.6699,33.52713039
229,L02-502-6,{C5BC5588-D77D-4EF7-9CE0-E8B1DCFE0385},-117.6692307,33.53046796
230,L02-541-2,{80D3DC2F-82C1-41D7-B291-FBE03B0CC399},-117.665789,33.49815467
231,L02-541-6,{182F8328-651A-4982-91BA-8A69837B2509},-117.6661049,33.49978079
232,L02-541-7,{610DC3A7-793E-4344-A914-88E70E636144},-117.6664785,33.49992872
233,L02-541-9 (L02P02),{6FE5A355-7E45-4A1E-8A7B-8CD7AB8F0640},-117.6675175,33.50399068
234,L02-571-1,{63E80B56-44CC-47BE-96A0-96E180F51F4A},-117.6661203,33.49086976
235,L02-571-3,{3871EFB2-8754-476F-9342-3419290C4138},-117.6658002,33.49529812
236,L02-571-5 (L02TBN2),{84E0BC14-2EA7-43A4-9B95-F0347A2814D5},-117.6660482,33.49772412
237,L02-622-1 (L02P28),{A8A6C5E9-EB4C-4FB5-8B4D-A18B9FBF9A32},-117.6157749,33.63591715
238,L02-622-2 (L02P32),{5F2234C7-A979-43B9-AF39-605D9C45E5BC},-117.6024743,33.64724654
239,L02-640-1 (L11P02),{8E259E70-CE94-4F00-A10B-A23719A46C04},-117.6092377,33.61878658
240,L02-641-1,{7DFD67EB-AD81-432B-9BA4-25696CAD78C5},-117.5948862,33.63111659
241,L02-641-2,{940E7A8B-73AA-47EA-96AA-2A8B9F4D5926},-117.5948529,33.6311147
242,L03-074-1 (L03B01),{49BB3F7E-1B73-4CC3-93B9-49EF1F708BBE},-117.6388447,33.63832178
243,L03-074-2,{6A5E6BA4-3561-44F0-907D-3D9775BDE62E},-117.6417634,33.63947149
244,L03-141-1,{14CC37CD-8D1D-4824-B51F-D5A645DF23CC},-117.6343922,33.65655719
245,L03-141-2,{F5FE5213-7964-43D8-9FCF-D95DAD36D8E5},-117.6343942,33.6565667
246,L03-141-3,{E9C93353-55FF-4789-80D4-68FBA02BD5E3},-117.6343784,33.65655533
247,L03-142-1 (L03P24),{82E345FE-8901-4935-B75E-BDD689E85A6F},-117.6208048,33.66841886
248,L03-172-2,{F5690724-C245-4E1E-8E50-C527FA115971},-117.6388453,33.65145815
249,L03-172-3,{B1EF7D05-C4F9-490F-9BA9-7AFF1949A39B},-117.6375105,33.65111943
250,L03-214-2 (L03P18),{694200E0-F61E-493C-B4FD-35F10C96F460},-117.6423151,33.6237248
251,L03-240-1,{B36B0F25-9FB6-4A77-9FE1-F916D2BDB697},-117.637077,33.61519068
252,L03-241-3,{8ED5573E-DFDE-4B76-A102-B5B1CF23353B},-117.6479066,33.60617913
253,L03-241-4 (L03P14),{47F716AD-32FA-4E10-9846-98471CD662B4},-117.6441123,33.60923197
254,L03-316-1,{085CE6CF-F6A5-4D42-8E70-84B8F03CB7C2},-117.6596681,33.59093498
255,L03-316-2,{3F70559C-0FAD-4D97-9983-A4BA1217498F},-117.6594575,33.59093104
256,L03-316-3 (L03P12),{ADF910F2-1925-4DDA-B329-3228C543E1CB},-117.6559023,33.59602196
257,L03-316-4 (L03P12),{013DEF0D-A524-413F-A01F-3700B35EEACE},-117.6560801,33.59616259
258,L03-418-1,{8087A7D1-E729-48B8-B8F0-6F542F01E3FD},-117.6744682,33.54734682
259,L03-418-2,{06560A1C-A452-4CBC-9B61-5BD085C0EC0B},-117.6759911,33.55409343
260,L03-418-3,{22376DF3-FDA8-47F9-A88E-F80545512E84},-117.6759611,33.55476752
261,L03-418-8,{4224C49D-E7E1-4F5C-9724-113E11C9E9A8},-117.6763089,33.5575697
262,L03-455-2,{7E6762BC-9D48-4526-9D88-1BEE27C84D0A},-117.6756802,33.53743191
263,L03-455-3 (L03P37),{EA609467-FD74-48DE-8B48-BB275FE1F19A},-117.6755821,33.53870259
264,L03-455-4,{600BD74A-455E-480D-969C-2F0102B60635},-117.6754624,33.5397457
265,L03-455-5,{B01BBCF8-264F-4698-9E95-E51471EACBB1},-117.6750535,33.54240864
266,L03-455-6,{3D94996A-864A-4B4A-93E9-6D4FAF24B1B7},-117.6748569,33.54323122
267,L03-455-7,{0AAC6CCE-7032-4220-AA64-E80986CDB7F2},-117.6746664,33.54509046
268,L03-497-1,{3B384AB3-B2C5-46A8-ADAD-9627DEDCF2CB},-117.6794198,33.52652029
269,L03-662-3 (L03P16),{A410A82C-AF6C-4CCA-BAC5-6E25F4039D41},-117.6482508,33.62464864
270,L03-691-1 (L03P09),{A46C6F40-FDBC-4070-86ED-866644B07428},-117.6620071,33.58531041
271,L03-693-1 (L03P11),{EA5E6ACE-3E1C-43C1-8629-A007A2C06A36},-117.6557352,33.59775734
272,L03-708-1,{44E024D0-D161-42C4-B953-3B26BC5AB579},-117.6765187,33.55750288
273,L03-708-11 (L03P05),{D0B00686-BBBD-4543-B725-46856EE3A1A0},-117.6758732,33.56274915
274,L03-708-13,{20164D58-A077-45A1-8D67-D8C0FBC284B8},-117.6738002,33.5646113
275,L03-708-5,{80131D44-20B9-48C8-962C-C75A86DACEB2},-117.6765599,33.56113153
276,L03-708-9,{FD9D5E93-9C46-49EC-B628-B56D1864239C},-117.6759516,33.56260598
277,L04-136-1u (L04P07),{B8BEA8A0-3AAC-49CA-83D6-198977198F41},-117.679023,33.6084557
278,L04-266-1,{91EA8897-0C76-41A3-B3C0-07D7E0E27DB1},-117.6723963,33.60525713
279,L04-266-5,{9CBD6267-1249-4AB5-AA53-A9CD65501C1D},-117.6688803,33.60731715
280,L04-301-1 (L04P08),{214EC75B-5777-4611-BDFC-D8AD310BF1D9},-117.6743862,33.59956672
281,L04-672-1,{9559CB47-0239-4B3A-B6FF-38E557824BEC},-117.680662,33.612238
282,L04-702-1 (L04P02),{7FD1636E-ED34-4FE6-8232-0809F76D4268},-117.6732684,33.58054037
283,L04-702-4,{9429FA86-6A47-441F-8775-95A2DA9CACC7},-117.6733936,33.58274692
284,L05-049-1,{B2A1E667-9853-4699-9E7C-64A87D6A78B6},-117.6461891,33.53474971
285,L05-049-2,{72B47D7C-FACB-4E33-BEC8-0FB261AFA676},-117.6461501,33.53473606
286,L05-489-3,{C7C5C7FF-5ABD-4100-A07F-AD4029A16E9D},-117.6465378,33.52980214
287,L05-489-3d,{AB8E0D12-8F63-49AB-B36D-666D80A86575},-117.6466248,33.52889781
288,L05-489-4,{89504E55-47E7-478E-A5C9-5CFF9D030D7C},-117.6460727,33.5293593
289,L05-489-7,{9BFA7A22-DD6F-4A84-9ABE-48063EA402CA},-117.646724,33.53268584
290,L05-503-1,{0D74C298-E380-451C-AD48-D54F338F6F15},-117.657309,33.510673
291,LC01-11446-1,{3BF05356-3912-4A4C-A382-01CE34EA71C0},-117.8159132,33.5540555
292,LC01-11480-1,{08E9EDB0-D8A8-4F38-B83C-6928D509B836},-117.8214538,33.5610309
293,LC02-11508-2,{39B42BE3-2E3A-4C89-B9C2-10A02F3B465A},-117.7953219,33.54553581
294,LC02-11508-3,{7A79C33A-1E84-41B0-AAFC-7A7C54A33C8A},-117.7946238,33.54503213
295,LC03-11515-1,{886775A2-E4C3-48F3-9D28-64111BB5241F},-117.762756,33.519603
296,LC04-11199-1,{3DBCB0DE-8D31-4915-AB29-A58A276E7610},-117.761276,33.516715
297,LC05-11017-1,{24F652D0-BF65-4204-9DC3-780FC50FFC89},-117.7553384,33.51296498
298,LC05-11017-2,{552A1115-2EB7-48DD-A375-4E5A6EF6FC79},-117.7602188,33.51543678
299,LC06-11019-1,{4234D10E-D9CC-4748-92EA-FECEEAEBE008},-117.7894605,33.54303857
300,LC06-11509-2,{33142BAF-4557-481B-875A-E7A3CFFBFCB1},-117.790788,33.54345981
301,M00.1-070-4,{A8C3A9D9-CAAA-442E-9D37-D220C50F2F69},-117.6059611,33.41622631
302,M00.1-070-6,{F5E329B4-B15E-41B2-BB87-FB07B06BBEE9},-117.6058355,33.41592528
303,M00.1-071-2 (M00S04),{8E421913-F6B8-41F6-B51D-B3916452A11D},-117.6086379,33.40925249
304,M00.1-071-3 (M00S04),{564BA613-62BA-484C-8F8D-10DB77A3916D},-117.6028265,33.41325504
305,M00.2-066-1 (M00S07),{5554CB30-DBF5-4F05-9145-3024520F5CD4},-117.6230591,33.42317767
306,M01-002-1,{679DFBBB-2924-4905-B255-E3AE881E92C0},-117.6128346,33.49159297
307,M01-003-1,{649FA5A0-48F1-45DF-8D90-EA1BFFE30875},-117.613444,33.48892946
308,M01-003-2,{96C849C0-B2F8-43B8-B2D5-8C4C360E9B0B},-117.6137895,33.48939277
309,M01-008-1,{B4C2DE98-2903-4237-914D-570020690CEC},-117.627728,33.477835
310,M01-038-3,{0DF4331E-C350-41BF-969E-1D66F2881789},-117.6392615,33.46498894
311,M01-038-6,{AB60FC8E-0055-439B-B787-2F2FED23807A},-117.6392989,33.46494853
312,M01-042-1 (M01S01),{D81C1D29-E0B6-4468-A3DA-A14172F34DD5},-117.6234442,33.45444672
313,M01-047-1,{986D4C77-948D-4582-A23D-BF24985A8B51},-117.6419501,33.44252141
314,M01-050-4 (M01@CGV),{0B20DCA2-E5EF-49F5-AEA0-7EF86C614A49},-117.6441503,33.44580832
315,M01-050-7,{C9AF768A-2A02-4DA5-A0A2-B1935AC72D2C},-117.6437941,33.44303405
316,M01-060-3,{7E285DCF-C197-4473-A6A6-DE27863098BF},-117.6450087,33.4412889
317,M01-099-1,{43A185DF-1F9A-4C1C-9F07-AA2BE1E7BCB9},-117.6422838,33.45679464
318,M01-124-2,{B4FCF9CC-A9DE-46B1-8099-5EE10514BE7E},-117.6422063,33.45679407
319,M01-124-4,{FA68CCE1-A2A8-414F-8411-9E05511C841E},-117.6391214,33.46509434
320,M01-168-1d (M00P03),{BCEA4CB4-4C65-4F42-B982-CE82FDFD0ABA},-117.6516285,33.44539958
321,M01-168-2d (M00P03),{CD4DB632-4AF2-493B-8B3C-84DF4057B012},-117.650582,33.44456111
322,M02-013-1,{28818406-BBEA-4536-A70B-7DEA94341A5E},-117.5975708,33.47448662
323,M02-015-1,{EE82778D-4874-4889-8E55-64DF8A4422C0},-117.5832457,33.47815722
324,M02-028-2 (M02P08),{1707E0E9-430D-4B15-969A-02F4D7D52110},-117.5817434,33.46680966
325,M02-032-1,{2B10F0C1-0E21-4FE4-B6F6-8806D0E7CC45},-117.6008317,33.45754739
326,M02-052-2,{43B4EE36-979D-4FA8-83C9-4BFA81FACC97},-117.6098879,33.45120321
327,M02-052-3,{E7B21F39-AB19-4339-B5EA-533C4BDF4CF1},-117.6097932,33.45125039
328,M02-052-4,{3CDC86F8-F190-45F4-8430-F50DADFD797B},-117.6097226,33.45128562
329,M02-061-4 (SCBS@M02),{C461CAC3-1849-40E8-B3F7-D3281D347977},-117.627257,33.43367715
330,M02-061-5,{CDF7BCAC-53C5-4BB5-A35D-E02581964FBA},-117.6263976,33.43438104
331,M02-061-6,{4D37DA87-C486-40DA-A876-48258EA473E1},-117.6245973,33.43589655
332,M02-061-7,{225C2BC1-A627-451E-AB2E-10DD6A27CC31},-117.631307,33.433376
333,M02-085-1 (M02P06),{646C237D-26C0-4619-ADE0-A6C6ECD59481},-117.5945829,33.4583462
334,M02-085-2,{1D128A62-EF51-4A28-936B-8E020EBC129D},-117.59425,33.45804389
335,M02-086-1,{F86F746E-958B-4AF4-8B9D-F230E1352261},-117.5999451,33.47727634
336,M02-102-1,{C05A5DC6-D4EB-49A6-9228-7A922FA90F1E},-117.6327248,33.43161834
337,M02-142-1,{EC5901D7-35FC-4050-9794-9A9E94520BB5},-117.6241175,33.43629495
338,SC01-077-1,{8214846F-F581-46C0-852B-22F6222E000C},-117.5998754,33.39614784
339,SC01-077-2,{F83925F7-70B4-4C25-8F17-86AD7D1BE492},-117.5979348,33.39148096
340,SC02-072-1,{8A0FEF34-0DE6-4AF1-B1AB-92EF23F35237},-117.6029854,33.40068822
341,SC02-072-4,{AFE85465-D874-46F9-8D88-24275FC65B8E},-117.60114,33.399938
342,SC03-067-1,{9F0C26C8-D63A-4809-AD72-C714A780C1C6},-117.6066121,33.40519078
343,SC05-073-1,{665C8249-2626-4CF7-81EA-645A6B98A96D},-117.6138438,33.41311138
344,SC05-073-3,{42902E2B-56C6-4060-A36D-AEA18B64156E},-117.6123872,33.41574234
345,SC06-146-1 (M00P02),{839E2352-454E-4F0A-8BF2-3ECBF7506A2F},-117.6177796,33.41717441
346,SC06-146-2 (M00P02),{39F60971-71F5-4FB5-A552-55C3B268E8F1},-117.617891,33.41781803
347,SC07-079-4,{2469619B-A75B-4EF1-A5FC-DCC2D95A044B},-117.6261187,33.4250565
348,SC07-079-5,{03864DBD-D87D-474A-A6EE-7F78E41DD1AA},-117.6252889,33.42428978
349,SC09-081-2d,{E9218AF6-1B54-445E-9A38-6540931E914C},-117.6377863,33.43542826
350,SC10-075-1 (M00P05),{A312578F-E3A9-4101-A4A6-AD6BB12708E1},-117.6649535,33.45357005
351,SC10-075-3 (M00S01),{92FD4B23-81CC-4502-900C-CEB7FD1AB061},-117.6596676,33.45041126
352,SC11-026-1 (M00P01),{7BC19F3E-F96A-4680-97D9-CFCD38CE4F28},-117.6664841,33.45392453
353,SC11-035-1d,{3B52E0AD-1DF2-44A3-B49D-8D34966FF565},-117.6756723,33.45964061
354,SC11-035-2d,{0E4D95D6-8AD7-457D-929B-ABD734ED7531},-117.673995,33.45863064
355,SC11-035-3d,{BBC10ACC-C12B-4BF8-854C-F341793E1E96},-117.6711216,33.45703154
356,SC11-130-2,{DE0020F6-684A-482B-8896-B9B1BD8DEE8C},-117.669171,33.455718
357,SC12-068-2,{98B44F39-2446-4B60-A2A7-E75C37BDE055},-117.6210164,33.42061031
358,SC12-068-4,{8EA7D45C-F7B0-4458-86E9-AD604FC84803},-117.6202019,33.41953035
359,SM01-086-1 (M03P01),{51E3B119-6EF4-4695-B9F3-3FFABED66286},-117.5736422,33.45603356
360,SM01-086-2,{3F28F93D-68A5-4355-B7E9-8E704FB9707E},-117.5732708,33.45608122
361,SM01-086-2,{3F28F93D-68A5-4355-B7E9-8E704FB9707E},-117.5732708,33.45608122
