FacilityID,JURISDICTI3,Qadj_Qall,avgCnx,DischargeJ_cf,DischargeJ_af,JURISDICTI,AnnualCF,QJur_US,QJur_S
I01-11023-1,LAGUNA BEACH,18260.265700440472,0.9233333333333333,3197852.585558988,73.41259379152865,LAGUNA BEACH,19776.461047408455,NA,1318374.2613546064
I01-11023-1,ORANGE CO,36409.42552361482,0.9233333333333333,54406355.72231314,1248.9980652505315,LAGUNA BEACH,39432.59081979944,NA,4565554.392303243
J01-9031-1,LAKE FOREST,428655.226209956,0.5,13086268.751089767,300.4193928165695,LAKE FOREST,857310.452419912,NA,3294681.015614369
J01-9224-2 (J01P25),ALISO VIEJO,5993.861828325905,1,116347522.37064542,2670.9715879395185,LAGUNA NIGUEL,5993.861828325905,NA,3591225.410780981
J01-9224-2 (J01P25),LAGUNA NIGUEL,359869.5285508992,1,103212442.91903976,2369.431655625339,LAGUNA NIGUEL,359869.5285508992,NA,11248484.777351826
L02-374-1 (L02P50),ORANGE CO,2819475.9723715195,0.77,54406355.72231314,1248.9980652505315,ORANGE CO,3661657.1069759997,NA,4565554.392303243
L02-641-1,ORANGE CO,4986.284926966567,1,54406355.72231314,1248.9980652505315,RANCHO SANTA MARGARITA,4986.284926966567,NA,4565554.392303243
L02-641-1,RANCHO SANTA MARGARITA,843182.469984656,1,26145050.573031798,600.2077725673049,RANCHO SANTA MARGARITA,843182.469984656,NA,17572127.255452607
L03-662-3 (L03P16),MISSION VIEJO,257898.81600000005,0.5,29837016.65099346,684.9636513083898,MISSION VIEJO,515797.6320000001,NA,9401475.728929143
L04-266-5,MISSION VIEJO,4000029.057504,1,29837016.65099346,684.9636513083898,MISSION VIEJO,4000029.057504,NA,9401475.728929143
L05-489-3,ORANGE CO,29545076.777328,1,54406355.72231314,1248.9980652505315,ORANGE CO,29545076.777328,NA,NA
I00-11468-1,LAGUNA BEACH,212793.76400754126,1,3197852.585558988,73.41259379152865,LAGUNA BEACH,212793.76400754126,NA,1318374.2613546064
I00-11468-1,ORANGE CO,19089.643866775274,1,54406355.72231314,1248.9980652505315,LAGUNA BEACH,19089.643866775274,NA,4565554.392303243
I01-11010-1,LAGUNA BEACH,202915.75420800003,1,3197852.585558988,73.41259379152865,LAGUNA BEACH,202915.75420800003,NA,1318374.2613546064
I01-11343-2 (I02P18),LAGUNA WOODS,26583.60972323406,0.77,1275233.3939980974,29.27533044072767,LAGUNA WOODS,34524.16847173255,NA,1275233.3939980974
J01-10004-1 (J01P01),LAKE FOREST,2050623.5094314318,1,13086268.751089767,300.4193928165695,LAKE FOREST,2050623.5094314318,NA,3294681.015614369
J01-9007-1 (J02P05),ALISO VIEJO,677326.4713948012,0.77,116347522.37064542,2670.9715879395185,ALISO VIEJO,879644.7680451963,NA,3591225.410780981
J01-9007-1 (J02P05),ORANGE CO,12455.793598780088,0.77,54406355.72231314,1248.9980652505315,ALISO VIEJO,16176.355323091024,NA,4565554.392303243
J01-9082-2,ALISO VIEJO,998641.6316034046,1,116347522.37064542,2670.9715879395185,ALISO VIEJO,998641.6316034046,NA,3591225.410780981
J01-9082-2,ORANGE CO,21969.628370704308,1,54406355.72231314,1248.9980652505315,ALISO VIEJO,21969.628370704308,NA,4565554.392303243
J01-9131-1 (J01P28),ALISO VIEJO,236560.03199999995,0.6666666666666666,116347522.37064542,2670.9715879395185,ALISO VIEJO,354840.04799999995,NA,3591225.410780981
J01-9224-1 (J01P24),ALISO VIEJO,2634.1015151823053,0.9425,116347522.37064542,2670.9715879395185,LAGUNA NIGUEL,2794.8026686284406,NA,3591225.410780981
J01-9224-1 (J01P24),LAGUNA NIGUEL,158150.60433060143,0.9425,103212442.91903976,2369.431655625339,LAGUNA NIGUEL,167799.04968764077,NA,11248484.777351826
J01-9349-1,LAKE FOREST,0,0.6666666666666666,13086268.751089767,300.4193928165695,LAKE FOREST,0,NA,3294681.015614369
J01-9349-1,MISSION VIEJO,0,0.6666666666666666,29837016.65099346,684.9636513083898,LAKE FOREST,0,NA,9401475.728929143
J01-9377-1,LAKE FOREST,64105.99288105596,0.6666666666666666,13086268.751089767,300.4193928165695,LAKE FOREST,96158.98932158394,NA,3294681.015614369
J01-9377-1,MISSION VIEJO,1258.630263321107,0.6666666666666666,29837016.65099346,684.9636513083898,LAKE FOREST,1887.9453949816602,NA,9401475.728929143
J01-9992-1 (J01P27),ALISO VIEJO,432180.7921682628,1,116347522.37064542,2670.9715879395185,ALISO VIEJO,432180.7921682628,NA,3591225.410780981
J01-9992-1 (J01P27),ORANGE CO,1267.6285979957179,1,54406355.72231314,1248.9980652505315,ALISO VIEJO,1267.6285979957179,NA,4565554.392303243
J03-9221-1 (J03P02),LAGUNA NIGUEL,2363508.1934956796,0.77,103212442.91903976,2369.431655625339,LAGUNA NIGUEL,3069491.1603839993,NA,11248484.777351826
J06-10011-1 (J06P01),ALISO VIEJO,486377.92818020063,1,116347522.37064542,2670.9715879395185,ALISO VIEJO,486377.92818020063,NA,3591225.410780981
J06-10011-1 (J06P01),LAGUNA HILLS,682198.5901776025,1,30382783.63122218,697.4927371722264,ALISO VIEJO,682198.5901776025,NA,682198.5901776025
J06-10011-1 (J06P01),LAGUNA WOODS,1248649.7842748633,1,1275233.3939980974,29.27533044072767,ALISO VIEJO,1248649.7842748633,NA,1275233.3939980974
J06-10011-1 (J06P01),LAKE FOREST,751296.2870919254,1,13086268.751089767,300.4193928165695,ALISO VIEJO,751296.2870919254,NA,3294681.015614369
J06-9079-1 (J06P03),ALISO VIEJO,751510.5920908037,1,116347522.37064542,2670.9715879395185,ALISO VIEJO,751510.5920908037,NA,3591225.410780981
K01-12126-1 (K01S01),DANA POINT,2401759.02142806,1,13188470.493113145,302.7656219722944,DANA POINT,2401759.02142806,NA,4564971.269228496
K01-12126-1 (K01S01),LAGUNA NIGUEL,6437196.487691939,1,103212442.91903976,2369.431655625339,DANA POINT,6437196.487691939,NA,11248484.777351826
K01-12159-2,DANA POINT,1673540.3519999993,1,13188470.493113145,302.7656219722944,DANA POINT,1673540.3519999993,NA,4564971.269228496
K01-12159-3,DANA POINT,133122.52800000002,1,13188470.493113145,302.7656219722944,DANA POINT,133122.52800000002,NA,4564971.269228496
K01-12177-1 (K01P07),LAGUNA NIGUEL,1099058.44356,0.77,103212442.91903976,2369.431655625339,LAGUNA NIGUEL,1427348.628,NA,11248484.777351826
L01-340-1,ORANGE CO,106950.06735932868,0.77,54406355.72231314,1248.9980652505315,ORANGE CO,138896.1913757515,NA,4565554.392303243
L01-340-1,RANCHO SANTA MARGARITA,1313.8942256581051,0.77,26145050.573031798,600.2077725673049,ORANGE CO,1706.3561372183183,NA,17572127.255452607
L01-404-1,ORANGE CO,765057.1882060798,0.77,54406355.72231314,1248.9980652505315,ORANGE CO,993580.7639039997,NA,4565554.392303243
L01-724-1 (L01S01),DANA POINT,245138.73214270748,0.5,13188470.493113145,302.7656219722944,SAN JUAN CAPISTRANO,490277.46428541496,NA,4564971.269228496
L01-724-1 (L01S01),LAGUNA NIGUEL,174089.35162087894,0.5,103212442.91903976,2369.431655625339,SAN JUAN CAPISTRANO,348178.7032417579,NA,11248484.777351826
L01-724-1 (L01S01),SAN JUAN CAPISTRANO,256083.45119911397,0.5,8842496.99493502,202.9957987817957,SAN JUAN CAPISTRANO,512166.90239822795,NA,6230027.361350789
L01-724-4 (L01P03),LAGUNA NIGUEL,468158.31861034513,1,103212442.91903976,2369.431655625339,SAN JUAN CAPISTRANO,468158.31861034513,NA,11248484.777351826
L01-724-4 (L01P03),SAN JUAN CAPISTRANO,1145681.827242111,1,8842496.99493502,202.9957987817957,SAN JUAN CAPISTRANO,1145681.827242111,NA,6230027.361350789
L01-726-5,DANA POINT,111410.6356577293,1,13188470.493113145,302.7656219722944,DANA POINT,111410.6356577293,NA,4564971.269228496
L01-726-5,SAN JUAN CAPISTRANO,7448.763165562618,1,8842496.99493502,202.9957987817957,DANA POINT,7448.763165562618,NA,6230027.361350789
L01-728-5 (L01-DP),DANA POINT,0,0,13188470.493113145,302.7656219722944,DANA POINT,152140.032,NA,4564971.269228496
L01-731-1 (L08TBN2),ORANGE CO,723305.629006651,0.77,54406355.72231314,1248.9980652505315,RANCHO SANTA MARGARITA,939357.9597488974,NA,4565554.392303243
L01-731-1 (L08TBN2),RANCHO SANTA MARGARITA,11606237.02728475,0.77,26145050.573031798,600.2077725673049,RANCHO SANTA MARGARITA,15073035.100369805,NA,17572127.255452607
L02-166-3 (L02P26),ORANGE CO,1759.6301883248925,0.77,54406355.72231314,1248.9980652505315,RANCHO SANTA MARGARITA,2285.2340108115486,NA,4565554.392303243
L02-166-3 (L02P26),RANCHO SANTA MARGARITA,311594.45914611226,0.77,26145050.573031798,600.2077725673049,RANCHO SANTA MARGARITA,404668.12876118475,NA,17572127.255452607
L02-246-1 (L11P01),RANCHO SANTA MARGARITA,1257301.4399999997,1,26145050.573031798,600.2077725673049,RANCHO SANTA MARGARITA,1257301.4399999997,NA,17572127.255452607
L02-641-2,ORANGE CO,20483.18968395988,1,54406355.72231314,1248.9980652505315,RANCHO SANTA MARGARITA,20483.18968395988,NA,4565554.392303243
L02-641-2,RANCHO SANTA MARGARITA,3463714.3131314125,1,26145050.573031798,600.2077725673049,RANCHO SANTA MARGARITA,3463714.3131314125,NA,17572127.255452607
L03-214-2 (L03P18),MISSION VIEJO,1863878.8123590364,1,29837016.65099346,684.9636513083898,MISSION VIEJO,1863878.8123590364,NA,9401475.728929143
L03-214-2 (L03P18),RANCHO SANTA MARGARITA,88783.6516800166,1,26145050.573031798,600.2077725673049,MISSION VIEJO,88783.6516800166,NA,17572127.255452607
L03-316-3 (L03P12),MISSION VIEJO,893435.1835532822,1,29837016.65099346,684.9636513083898,MISSION VIEJO,893435.1835532822,NA,9401475.728929143
L03-418-8,LAGUNA NIGUEL,188453.84949148304,1,103212442.91903976,2369.431655625339,LAGUNA NIGUEL,188453.84949148304,NA,11248484.777351826
L03-418-8,MISSION VIEJO,1719639.2671055028,1,29837016.65099346,684.9636513083898,LAGUNA NIGUEL,1719639.2671055028,NA,9401475.728929143
L04-672-1,MISSION VIEJO,665335.962144,0.5,29837016.65099346,684.9636513083898,MISSION VIEJO,1330671.924288,NA,9401475.728929143
L05-049-1,ORANGE CO,6237821.599848001,1,54406355.72231314,1248.9980652505315,ORANGE CO,6237821.599848001,NA,NA
L05-503-1,SAN JUAN CAPISTRANO,1199564.4170879999,1,8842496.99493502,202.9957987817957,SAN JUAN CAPISTRANO,1199564.4170879999,NA,6230027.361350789
M01-042-1 (M01S01),SAN CLEMENTE,9329.904,0.5,19982422.455257487,458.73329787092484,SAN CLEMENTE,18659.808,NA,7732503.146447999
M01-047-1,SAN CLEMENTE,7723173.242447999,1,19982422.455257487,458.73329787092484,SAN CLEMENTE,7723173.242447999,NA,7732503.146447999
M02-032-1,SAN CLEMENTE,3628866.1607999997,1,19982422.455257487,458.73329787092484,SAN CLEMENTE,3628866.1607999997,NA,NA
M02-085-1 (M02P06),ORANGE CO,174.54166027466977,1,54406355.72231314,1248.9980652505315,SAN CLEMENTE,174.54166027466977,NA,NA
M02-085-1 (M02P06),SAN CLEMENTE,251732.86631957273,1,19982422.455257487,458.73329787092484,SAN CLEMENTE,251732.86631957273,NA,NA
M02-085-2,SAN CLEMENTE,550464.336,1,19982422.455257487,458.73329787092484,SAN CLEMENTE,550464.336,NA,NA
J01-9273-1,LAGUNA HILLS,0,0,30382783.63122218,697.4927371722264,LAGUNA WOODS,0,NA,682198.5901776025
J01-9273-1,LAGUNA WOODS,0,0,1275233.3939980974,29.27533044072767,LAGUNA WOODS,0,NA,1275233.3939980974
I00-11437-1,LAGUNA BEACH,884404.4774386247,0.385,3197852.585558988,73.41259379152865,LAGUNA BEACH,2297154.4868535707,NA,1318374.2613546064
I00-11437-1,ORANGE CO,32344.310602542966,0.385,54406355.72231314,1248.9980652505315,LAGUNA BEACH,84011.19637024147,NA,4565554.392303243
L01-766-9,SAN JUAN CAPISTRANO,3621248.902656001,0.77,8842496.99493502,202.9957987817957,SAN JUAN CAPISTRANO,4702920.652800001,NA,6230027.361350789
I01-11487-1,ALISO VIEJO,0,0.25,116347522.37064542,2670.9715879395185,LAGUNA BEACH,0,112756296.95986444,NA
I01-11487-1,LAGUNA BEACH,0,0.25,3197852.585558988,73.41259379152865,LAGUNA BEACH,0,1879478.3242043818,NA
I01-11487-1,LAGUNA WOODS,0,0.25,1275233.3939980974,29.27533044072767,LAGUNA BEACH,0,0,NA
I01-11487-1,ORANGE CO,0,0.25,54406355.72231314,1248.9980652505315,LAGUNA BEACH,0,49840801.3300099,NA
I01-11503-3,ALISO VIEJO,0,0.5,116347522.37064542,2670.9715879395185,ALISO VIEJO,0,NA,NA
J01-10006-1,LAKE FOREST,0,0.5,13086268.751089767,300.4193928165695,LAKE FOREST,0,9791587.735475397,NA
J05-9255-1 (J05P01),LAGUNA HILLS,0,0,30382783.63122218,697.4927371722264,LAGUNA HILLS,0,29700585.041044578,NA
J05-9271-6,LAGUNA HILLS,0,0,30382783.63122218,697.4927371722264,LAGUNA HILLS,0,29700585.041044578,NA
L01-335-2,ORANGE CO,0,0.5,54406355.72231314,1248.9980652505315,ORANGE CO,0,49840801.3300099,NA
L01-391-1,ORANGE CO,0,1,54406355.72231314,1248.9980652505315,ORANGE CO,0,49840801.3300099,NA
L01-726-2,DANA POINT,0,0,13188470.493113145,302.7656219722944,DANA POINT,0,8623499.22388465,NA
L02-344-1,ORANGE CO,0,0.385,54406355.72231314,1248.9980652505315,ORANGE CO,0,49840801.3300099,NA
L02-344-1,RANCHO SANTA MARGARITA,0,0.385,26145050.573031798,600.2077725673049,ORANGE CO,0,8572923.317579193,NA
L02-401-1,MISSION VIEJO,0,1,29837016.65099346,684.9636513083898,ORANGE CO,0,20435540.922064316,NA
L02-401-1,ORANGE CO,0,1,54406355.72231314,1248.9980652505315,ORANGE CO,0,49840801.3300099,NA
L02-571-5 (L02TBN2),LAGUNA NIGUEL,0,1,103212442.91903976,2369.431655625339,SAN JUAN CAPISTRANO,0,91963958.14168793,NA
L02-571-5 (L02TBN2),SAN JUAN CAPISTRANO,0,1,8842496.99493502,202.9957987817957,SAN JUAN CAPISTRANO,0,2612469.6335842325,NA
M01-008-1,SAN CLEMENTE,0,1,19982422.455257487,458.73329787092484,SAN CLEMENTE,0,NA,NA
L01-748-2,SAN JUAN CAPISTRANO,0,0.77,8842496.99493502,202.9957987817957,SAN JUAN CAPISTRANO,0,2612469.6335842325,NA
DP01-12022-1,DANA POINT,148336.53119999997,1,13188470.493113145,302.7656219722944,DANA POINT,148336.53119999997,8623499.22388465,NA
DP04-12015-1,LAGUNA BEACH,0,0,3197852.585558988,73.41259379152865,LAGUNA BEACH,182340.7321242127,1879478.3242043818,NA
DP04-12015-1,LAGUNA NIGUEL,0,0,103212442.91903976,2369.431655625339,LAGUNA BEACH,93843.44088142921,91963958.14168793,NA
DP04-12015-1,ORANGE CO,0,0,54406355.72231314,1248.9980652505315,LAGUNA BEACH,353.71283459716517,49840801.3300099,NA
I00-11518-2,LAGUNA BEACH,116714.64959999998,0.885,3197852.585558988,73.41259379152865,LAGUNA BEACH,131880.95999999996,1879478.3242043818,NA
J01-9005-3,LAGUNA HILLS,322307.05870077235,1,30382783.63122218,697.4927371722264,LAGUNA NIGUEL,322307.05870077235,29700585.041044578,NA
J01-9005-3,LAGUNA NIGUEL,22952297.67706132,1,103212442.91903976,2369.431655625339,LAGUNA NIGUEL,22952297.67706132,91963958.14168793,NA
J01-9066-2 (J01P03),LAKE FOREST,22325.537299355063,1,13086268.751089767,300.4193928165695,MISSION VIEJO,22325.537299355063,9791587.735475397,NA
J01-9066-2 (J01P03),MISSION VIEJO,2705701.975655455,1,29837016.65099346,684.9636513083898,MISSION VIEJO,2705701.975655455,20435540.922064316,NA
J03-9216-1 (J03P01),LAGUNA NIGUEL,359919.1584,1,103212442.91903976,2369.431655625339,LAGUNA NIGUEL,359919.1584,91963958.14168793,NA
J03-9234-5,LAGUNA NIGUEL,332803.8252,0.885,103212442.91903976,2369.431655625339,LAGUNA NIGUEL,376049.52,NA,NA
J03-9368-2 (J03TBN2),LAGUNA NIGUEL,89094.15460799998,1,103212442.91903976,2369.431655625339,LAGUNA NIGUEL,89094.15460799998,91963958.14168793,NA
J07-9022-1,MISSION VIEJO,10652.142168,0.75,29837016.65099346,684.9636513083898,MISSION VIEJO,14202.856224000001,20435540.922064316,NA
K01-12036-5,LAGUNA NIGUEL,1011726.8518895999,0.77,103212442.91903976,2369.431655625339,LAGUNA NIGUEL,1313930.9764799997,91963958.14168793,NA
K01-12155-5,LAGUNA NIGUEL,1232948.189088,0.77,103212442.91903976,2369.431655625339,LAGUNA NIGUEL,1601231.4144000001,91963958.14168793,NA
K01-12156-6,LAGUNA NIGUEL,7530931.583999999,1,103212442.91903976,2369.431655625339,LAGUNA NIGUEL,7530931.583999999,NA,NA
L01-125-3,ORANGE CO,7364.178543822233,0.77,54406355.72231314,1248.9980652505315,RANCHO SANTA MARGARITA,9563.868238730172,49840801.3300099,NA
L01-125-3,RANCHO SANTA MARGARITA,684334.367566777,0.77,26145050.573031798,600.2077725673049,RANCHO SANTA MARGARITA,888745.9319049052,8572923.317579193,NA
L01-728-2,DANA POINT,23868.345838683457,0.5,13188470.493113145,302.7656219722944,DANA POINT,47736.691677366915,8623499.22388465,NA
L01-728-3 (L01S02),DANA POINT,14102.525237579173,0.5,13188470.493113145,302.7656219722944,DANA POINT,28205.050475158347,8623499.22388465,NA
L01-728-3 (L01S02),SAN CLEMENTE,328.9115623758307,0.5,19982422.455257487,458.73329787092484,DANA POINT,657.8231247516615,12249919.308809487,NA
L01-728-3 (L01S02),SAN JUAN CAPISTRANO,147217.3470949733,0.5,8842496.99493502,202.9957987817957,DANA POINT,294434.6941899466,2612469.6335842325,NA
L01-749-2d,SAN JUAN CAPISTRANO,1149444.1728,0.77,8842496.99493502,202.9957987817957,SAN JUAN CAPISTRANO,1492784.64,2612469.6335842325,NA
L01-760-2,ORANGE CO,525932.7716966401,0.77,54406355.72231314,1248.9980652505315,ORANGE CO,683029.573632,49840801.3300099,NA
L01-766-7,SAN JUAN CAPISTRANO,0,0,8842496.99493502,202.9957987817957,SAN JUAN CAPISTRANO,2444.434848,2612469.6335842325,NA
L02-198-1 (L02P29),RANCHO SANTA MARGARITA,54369.791999999994,0.25,26145050.573031798,600.2077725673049,RANCHO SANTA MARGARITA,217479.16799999998,8572923.317579193,NA
L02-374-2 (MVL02P20),MISSION VIEJO,148270.9536,0.77,29837016.65099346,684.9636513083898,ORANGE CO,192559.68,20435540.922064316,NA
L02-541-6,SAN JUAN CAPISTRANO,56547.3312,1,8842496.99493502,202.9957987817957,SAN JUAN CAPISTRANO,56547.3312,2612469.6335842325,NA
L02-622-1 (L02P28),RANCHO SANTA MARGARITA,288219.520512,0.77,26145050.573031798,600.2077725673049,RANCHO SANTA MARGARITA,374311.0656,8572923.317579193,NA
L03-074-1 (L03B01),MISSION VIEJO,380588.5439999999,1,29837016.65099346,684.9636513083898,MISSION VIEJO,380588.5439999999,NA,NA
L03-241-4,MISSION VIEJO,388524.5663039999,1,29837016.65099346,684.9636513083898,MISSION VIEJO,388524.5663039999,20435540.922064316,NA
L03-316-2,MISSION VIEJO,24561.792,0.6666666666666666,29837016.65099346,684.9636513083898,MISSION VIEJO,36842.688,20435540.922064316,NA
L03-316-4,MISSION VIEJO,0,0.75,29837016.65099346,684.9636513083898,MISSION VIEJO,0,20435540.922064316,NA
L03-418-2,LAGUNA NIGUEL,166881.84667199999,0.5,103212442.91903976,2369.431655625339,LAGUNA NIGUEL,333763.69334399997,91963958.14168793,NA
LC06-11509-2,LAGUNA BEACH,63359.86109271604,0.5,3197852.585558988,73.41259379152865,LAGUNA BEACH,126719.72218543208,1879478.3242043818,NA
LC06-11509-2,ORANGE CO,36605.083270954434,0.5,54406355.72231314,1248.9980652505315,LAGUNA BEACH,73210.16654190887,49840801.3300099,NA
M02-052-2,ORANGE CO,410102.42568032787,1,54406355.72231314,1248.9980652505315,SAN CLEMENTE,410102.42568032787,49840801.3300099,NA
M02-052-2,SAN CLEMENTE,6464450.7397396,1,19982422.455257487,458.73329787092484,SAN CLEMENTE,6464450.7397396,12249919.308809487,NA
M02-052-4,SAN CLEMENTE,111958.84799999998,1,19982422.455257487,458.73329787092484,SAN CLEMENTE,111958.84799999998,NA,NA
M02-061-4 (SCBS@M02),SAN CLEMENTE,132428.65737600002,1,19982422.455257487,458.73329787092484,SAN CLEMENTE,132428.65737600002,12249919.308809487,NA
M02-061-6,SAN CLEMENTE,287604.43200000003,1,19982422.455257487,458.73329787092484,SAN CLEMENTE,287604.43200000003,12249919.308809487,NA
M02-061-7,SAN CLEMENTE,0,0,19982422.455257487,458.73329787092484,SAN CLEMENTE,13521600,NA,NA
SC05-073-3,SAN CLEMENTE,61516.519199999995,0.75,19982422.455257487,458.73329787092484,SAN CLEMENTE,82022.0256,12249919.308809487,NA
SC06-146-2 (M00P02),SAN CLEMENTE,1399462.8391860474,1,19982422.455257487,458.73329787092484,SAN CLEMENTE,1399462.8391860474,12249919.308809487,NA
SC07-079-5,SAN CLEMENTE,201525.9264,0.75,19982422.455257487,458.73329787092484,SAN CLEMENTE,268701.2352,12249919.308809487,NA
SM01-086-2,SAN CLEMENTE,416465.28,0.77,19982422.455257487,458.73329787092484,SAN CLEMENTE,540864,12249919.308809487,NA
L03-074-2,MISSION VIEJO,120284.00778239997,0.77,29837016.65099346,684.9636513083898,MISSION VIEJO,156212.99711999996,NA,NA
L03-172-2,MISSION VIEJO,151989.93798912,0.77,29837016.65099346,684.9636513083898,MISSION VIEJO,197389.52985599998,NA,NA
L04-301-1 (L04P08),MISSION VIEJO,718842.491136,0.77,29837016.65099346,684.9636513083898,MISSION VIEJO,933561.6768,20435540.922064316,NA
M02-086-1,SAN CLEMENTE,0,0.385,19982422.455257487,458.73329787092484,SAN CLEMENTE,0,NA,NA
SC11-130-2,DANA POINT,238439.21831999999,0.635,13188470.493113145,302.7656219722944,DANA POINT,375494.832,8623499.22388465,NA
DP01-12022-2,DANA POINT,0,0,13188470.493113145,302.7656219722944,DANA POINT,0,8623499.22388465,NA
DP06-12106-1,DANA POINT,427893.83999999997,0.25,13188470.493113145,302.7656219722944,DANA POINT,1711575.3599999999,8623499.22388465,NA
I00-11453-1,LAGUNA BEACH,0,0,3197852.585558988,73.41259379152865,LAGUNA BEACH,0,1879478.3242043818,NA
I00-11518-1,LAGUNA BEACH,0,0,3197852.585558988,73.41259379152865,LAGUNA BEACH,0,1879478.3242043818,NA
I00-11518-1,ORANGE CO,0,0,54406355.72231314,1248.9980652505315,LAGUNA BEACH,0,49840801.3300099,NA
I01-11015-2,LAGUNA BEACH,0,0,3197852.585558988,73.41259379152865,LAGUNA BEACH,0,1879478.3242043818,NA
I01-11015-2,ORANGE CO,0,0,54406355.72231314,1248.9980652505315,LAGUNA BEACH,0,49840801.3300099,NA
I01-11015-3,LAGUNA BEACH,0,0,3197852.585558988,73.41259379152865,LAGUNA BEACH,0,1879478.3242043818,NA
I01-11023-2,LAGUNA BEACH,0,0,3197852.585558988,73.41259379152865,LAGUNA BEACH,0,1879478.3242043818,NA
I01-11023-3,LAGUNA BEACH,0,0,3197852.585558988,73.41259379152865,LAGUNA BEACH,0,1879478.3242043818,NA
I01-11023-3,ORANGE CO,0,0,54406355.72231314,1248.9980652505315,LAGUNA BEACH,0,49840801.3300099,NA
I01-11023-4,LAGUNA BEACH,0,0,3197852.585558988,73.41259379152865,LAGUNA BEACH,0,1879478.3242043818,NA
I01-11023-5,LAGUNA BEACH,0,0,3197852.585558988,73.41259379152865,LAGUNA BEACH,0,1879478.3242043818,NA
I01-11023-5,ORANGE CO,0,0,54406355.72231314,1248.9980652505315,LAGUNA BEACH,0,49840801.3300099,NA
I01-11059-1,LAGUNA BEACH,0,0,3197852.585558988,73.41259379152865,LAGUNA BEACH,0,1879478.3242043818,NA
I01-11059-2,LAGUNA BEACH,0,0,3197852.585558988,73.41259379152865,LAGUNA BEACH,0,1879478.3242043818,NA
I01-11059-3,LAGUNA BEACH,0,0,3197852.585558988,73.41259379152865,LAGUNA BEACH,0,1879478.3242043818,NA
I01-11065-1,LAGUNA BEACH,0,0,3197852.585558988,73.41259379152865,LAGUNA BEACH,0,1879478.3242043818,NA
I01-11077-1,LAGUNA BEACH,0,0,3197852.585558988,73.41259379152865,LAGUNA BEACH,0,1879478.3242043818,NA
I01-11077-1,ORANGE CO,0,0,54406355.72231314,1248.9980652505315,LAGUNA BEACH,0,49840801.3300099,NA
I01-11077-2,LAGUNA BEACH,0,0,3197852.585558988,73.41259379152865,LAGUNA BEACH,0,1879478.3242043818,NA
I01-11093-1,LAGUNA BEACH,0,0,3197852.585558988,73.41259379152865,LAGUNA BEACH,0,1879478.3242043818,NA
I01-11093-1,ORANGE CO,0,0,54406355.72231314,1248.9980652505315,LAGUNA BEACH,0,49840801.3300099,NA
I01-11093-2,LAGUNA BEACH,0,0,3197852.585558988,73.41259379152865,LAGUNA BEACH,0,1879478.3242043818,NA
I01-11093-2,ORANGE CO,0,0,54406355.72231314,1248.9980652505315,LAGUNA BEACH,0,49840801.3300099,NA
I01-11217-1,ALISO VIEJO,0,0,116347522.37064542,2670.9715879395185,ALISO VIEJO,0,NA,NA
J01-10017-1 (J01TBN4),ALISO VIEJO,31112.350640999997,0.5,116347522.37064542,2670.9715879395185,ALISO VIEJO,62224.701281999995,112756296.95986444,NA
J01-10019-1 (J01P33),ALISO VIEJO,257003.81778735007,0.885,116347522.37064542,2670.9715879395185,ALISO VIEJO,290399.7941100001,112756296.95986444,NA
J01-9005-1 (J03P05),LAGUNA NIGUEL,1072403.8931159999,1,103212442.91903976,2369.431655625339,LAGUNA NIGUEL,1072403.8931159999,91963958.14168793,NA
J01-9008-1 (J01P30),ALISO VIEJO,992657.603988,1,116347522.37064542,2670.9715879395185,ALISO VIEJO,992657.603988,112756296.95986444,NA
J01-9040-1,LAKE FOREST,9360117.3847105,0.8,13086268.751089767,300.4193928165695,LAKE FOREST,11700146.730888125,9791587.735475397,NA
J01-9040-1,ORANGE CO,2007.7635337770866,0.8,54406355.72231314,1248.9980652505315,LAKE FOREST,2509.704417221358,49840801.3300099,NA
J01-9046-1,LAKE FOREST,42974.2368,0.6666666666666666,13086268.751089767,300.4193928165695,LAKE FOREST,64461.3552,9791587.735475397,NA
J01-9046-2,LAKE FOREST,98154.54516785848,1,13086268.751089767,300.4193928165695,LAKE FOREST,98154.54516785848,9791587.735475397,NA
J01-9046-2,MISSION VIEJO,605.9853875940987,1,29837016.65099346,684.9636513083898,LAKE FOREST,605.9853875940987,20435540.922064316,NA
J01-9066-1 (J01P04),LAKE FOREST,1204.1882928866269,1,13086268.751089767,300.4193928165695,MISSION VIEJO,1204.1882928866269,9791587.735475397,NA
J01-9066-1 (J01P04),MISSION VIEJO,41121.38521047162,1,29837016.65099346,684.9636513083898,MISSION VIEJO,41121.38521047162,20435540.922064316,NA
J01-9082-3,ALISO VIEJO,0,0,116347522.37064542,2670.9715879395185,ALISO VIEJO,13653.235357567199,112756296.95986444,NA
J01-9082-3,ORANGE CO,0,0,54406355.72231314,1248.9980652505315,ALISO VIEJO,300.36451252478395,49840801.3300099,NA
J01-9082-4,ALISO VIEJO,312345.0652750648,1,116347522.37064542,2670.9715879395185,ALISO VIEJO,312345.0652750648,112756296.95986444,NA
J01-9082-4,ORANGE CO,6871.438953029483,1,54406355.72231314,1248.9980652505315,ALISO VIEJO,6871.438953029483,49840801.3300099,NA
J01-9144-1 (J01P23),ALISO VIEJO,72860.98986,1,116347522.37064542,2670.9715879395185,LAGUNA NIGUEL,72860.98986,112756296.95986444,NA
J01-9259-3,LAKE FOREST,0,0,13086268.751089767,300.4193928165695,LAKE FOREST,246753.36954306747,9791587.735475397,NA
J01-9275-2,LAKE FOREST,0,0,13086268.751089767,300.4193928165695,LAKE FOREST,0,9791587.735475397,NA
J01-9275-2,MISSION VIEJO,0,0,29837016.65099346,684.9636513083898,LAKE FOREST,0,20435540.922064316,NA
J01-9364-4,ALISO VIEJO,0,0,116347522.37064542,2670.9715879395185,ORANGE CO,0,112756296.95986444,NA
J01-9364-4,ORANGE CO,0,0,54406355.72231314,1248.9980652505315,ORANGE CO,0,49840801.3300099,NA
J01-9377-2 (J01TBN8),LAKE FOREST,0,0,13086268.751089767,300.4193928165695,LAKE FOREST,0,9791587.735475397,NA
J01-9377-2 (J01TBN8),MISSION VIEJO,0,0,29837016.65099346,684.9636513083898,LAKE FOREST,0,20435540.922064316,NA
J01-9782-1 (J01TBN3),LAKE FOREST,40419.24024040873,1,13086268.751089767,300.4193928165695,LAKE FOREST,40419.24024040873,9791587.735475397,NA
J01-9782-1 (J01TBN3),MISSION VIEJO,48647.95992344274,1,29837016.65099346,684.9636513083898,LAKE FOREST,48647.95992344274,20435540.922064316,NA
J01-9785-1,LAKE FOREST,84425.019552,1,13086268.751089767,300.4193928165695,LAKE FOREST,84425.019552,9791587.735475397,NA
J03-9215-3,LAGUNA NIGUEL,1097861.433984,1,103212442.91903976,2369.431655625339,LAGUNA NIGUEL,1097861.433984,91963958.14168793,NA
J03-9216-2,LAGUNA NIGUEL,16030409.2375187,0.5,103212442.91903976,2369.431655625339,LAGUNA NIGUEL,32060818.4750374,91963958.14168793,NA
J03-9216-2,SAN JUAN CAPISTRANO,23965.23621845929,0.5,8842496.99493502,202.9957987817957,LAGUNA NIGUEL,47930.47243691858,2612469.6335842325,NA
J03-9234-6,LAGUNA NIGUEL,624516.2902484565,0.5,103212442.91903976,2369.431655625339,LAGUNA NIGUEL,1249032.580496913,NA,NA
J03-9234-6,SAN JUAN CAPISTRANO,4544.787510036748,0.5,8842496.99493502,202.9957987817957,LAGUNA NIGUEL,9089.575020073496,NA,NA
J03-9234-8,LAGUNA NIGUEL,7204389.355584,0.5,103212442.91903976,2369.431655625339,LAGUNA NIGUEL,14408778.711168,NA,NA
J03-9368-1 (J03TBN1),LAGUNA NIGUEL,1428075.4751279005,1,103212442.91903976,2369.431655625339,LAGUNA NIGUEL,1428075.4751279005,91963958.14168793,NA
J03-9368-1 (J03TBN1),SAN JUAN CAPISTRANO,18688.786603878605,1,8842496.99493502,202.9957987817957,LAGUNA NIGUEL,18688.786603878605,2612469.6335842325,NA
J05-9800-2,LAGUNA HILLS,0,0,30382783.63122218,697.4927371722264,LAGUNA HILLS,0,29700585.041044578,NA
J07-9022-6,MISSION VIEJO,5590.877904,0.5,29837016.65099346,684.9636513083898,MISSION VIEJO,11181.755808,20435540.922064316,NA
J07-9109-4 (J07P02),LAKE FOREST,1222.6014299595308,0.5,13086268.751089767,300.4193928165695,MISSION VIEJO,2445.2028599190617,9791587.735475397,NA
J07-9109-4 (J07P02),MISSION VIEJO,94657.77433052748,0.5,29837016.65099346,684.9636513083898,MISSION VIEJO,189315.54866105496,20435540.922064316,NA
J07-9110-1,LAKE FOREST,18.0419361568416,0.5,13086268.751089767,300.4193928165695,MISSION VIEJO,36.0838723136832,9791587.735475397,NA
J07-9110-1,MISSION VIEJO,9192.63005371142,0.5,29837016.65099346,684.9636513083898,MISSION VIEJO,18385.26010742284,20435540.922064316,NA
J07-9110-2,MISSION VIEJO,24689.4399,1,29837016.65099346,684.9636513083898,MISSION VIEJO,24689.4399,20435540.922064316,NA
J07-9110-3,MISSION VIEJO,4605.336,0.5,29837016.65099346,684.9636513083898,MISSION VIEJO,9210.672,20435540.922064316,NA
K01-12032-2 (K01P11),LAGUNA NIGUEL,232265.48601599998,0.5,103212442.91903976,2369.431655625339,LAGUNA NIGUEL,464530.97203199996,NA,NA
K01-12036-1,LAGUNA NIGUEL,136134.97604784,0.77,103212442.91903976,2369.431655625339,LAGUNA NIGUEL,176798.670192,91963958.14168793,NA
K01-12036-10,LAGUNA NIGUEL,3706.7738400000007,0.385,103212442.91903976,2369.431655625339,LAGUNA NIGUEL,9627.984,91963958.14168793,NA
K01-12058-1 (K01P08),LAGUNA NIGUEL,301238.31920924666,1,103212442.91903976,2369.431655625339,LAGUNA NIGUEL,301238.31920924666,91963958.14168793,NA
K01-12058-1 (K01P08),SAN JUAN CAPISTRANO,6857.168445686385,1,8842496.99493502,202.9957987817957,LAGUNA NIGUEL,6857.168445686385,2612469.6335842325,NA
K01-12058-2 (K01P09),LAGUNA NIGUEL,840758.994070749,1,103212442.91903976,2369.431655625339,LAGUNA NIGUEL,840758.994070749,91963958.14168793,NA
K01-12058-2 (K01P09),SAN JUAN CAPISTRANO,25759.56653581392,1,8842496.99493502,202.9957987817957,LAGUNA NIGUEL,25759.56653581392,2612469.6335842325,NA
K01-12062-1,LAGUNA NIGUEL,2282461.24760689,1,103212442.91903976,2369.431655625339,LAGUNA NIGUEL,2282461.24760689,91963958.14168793,NA
K01-12062-1,SAN JUAN CAPISTRANO,82306.4163899814,1,8842496.99493502,202.9957987817957,LAGUNA NIGUEL,82306.4163899814,2612469.6335842325,NA
K01-12138-1 (K01TBN1),LAGUNA NIGUEL,66721.92912,0.77,103212442.91903976,2369.431655625339,LAGUNA NIGUEL,86651.856,91963958.14168793,NA
K01-12155-1,LAGUNA NIGUEL,0,0.385,103212442.91903976,2369.431655625339,LAGUNA NIGUEL,0,91963958.14168793,NA
L01-218-4,RANCHO SANTA MARGARITA,224275.392,0.5,26145050.573031798,600.2077725673049,RANCHO SANTA MARGARITA,448550.784,8572923.317579193,NA
L01-223-1 (L08TBN1),ORANGE CO,249.06962509380756,0.77,54406355.72231314,1248.9980652505315,RANCHO SANTA MARGARITA,323.46704557637344,49840801.3300099,NA
L01-223-1 (L08TBN1),RANCHO SANTA MARGARITA,5563.151765965089,0.77,26145050.573031798,600.2077725673049,RANCHO SANTA MARGARITA,7224.872423331284,8572923.317579193,NA
L01-303-4,ORANGE CO,335280.3839999999,1,54406355.72231314,1248.9980652505315,ORANGE CO,335280.3839999999,49840801.3300099,NA
L01-335-1,ORANGE CO,46745.71093464413,1,54406355.72231314,1248.9980652505315,ORANGE CO,46745.71093464413,49840801.3300099,NA
L01-335-1,RANCHO SANTA MARGARITA,11830.943721355872,1,26145050.573031798,600.2077725673049,ORANGE CO,11830.943721355872,8572923.317579193,NA
L01-391-3,ORANGE CO,377571.0205439999,1,54406355.72231314,1248.9980652505315,ORANGE CO,377571.0205439999,49840801.3300099,NA
L01-404-2,ORANGE CO,293053.17888,0.77,54406355.72231314,1248.9980652505315,ORANGE CO,380588.544,49840801.3300099,NA
L01-414-2,ORANGE CO,0,0,54406355.72231314,1248.9980652505315,ORANGE CO,0,49840801.3300099,NA
L01-414-3,ORANGE CO,104661.84970466183,0.385,54406355.72231314,1248.9980652505315,ORANGE CO,271848.9602718489,49840801.3300099,NA
L01-458-1,ORANGE CO,0,0,54406355.72231314,1248.9980652505315,ORANGE CO,0,49840801.3300099,NA
L01-471-1,ORANGE CO,0,0,54406355.72231314,1248.9980652505315,ORANGE CO,0,49840801.3300099,NA
L01-494-1,ORANGE CO,644766.3406799998,0.385,54406355.72231314,1248.9980652505315,ORANGE CO,1674717.7679999995,49840801.3300099,NA
L01-514-1,ORANGE CO,68966.650368,0.77,54406355.72231314,1248.9980652505315,ORANGE CO,89567.0784,49840801.3300099,NA
L01-517-6,ORANGE CO,265808.96495999995,0.77,54406355.72231314,1248.9980652505315,ORANGE CO,345206.4479999999,49840801.3300099,NA
L01-517-7,ORANGE CO,0,0,54406355.72231314,1248.9980652505315,ORANGE CO,0,49840801.3300099,NA
L01-556-1,SAN JUAN CAPISTRANO,165146.39152704,0.77,8842496.99493502,202.9957987817957,SAN JUAN CAPISTRANO,214475.83315199998,2612469.6335842325,NA
L01-601-1,SAN JUAN CAPISTRANO,0,0,8842496.99493502,202.9957987817957,SAN JUAN CAPISTRANO,0,2612469.6335842325,NA
L01-618-4,SAN JUAN CAPISTRANO,0,0,8842496.99493502,202.9957987817957,SAN JUAN CAPISTRANO,0,2612469.6335842325,NA
L01-618-5 (L01S09),SAN JUAN CAPISTRANO,38261.936303999995,0.5,8842496.99493502,202.9957987817957,SAN JUAN CAPISTRANO,76523.87260799999,2612469.6335842325,NA
L01-726-3,SAN JUAN CAPISTRANO,0,0,8842496.99493502,202.9957987817957,DANA POINT,0,2612469.6335842325,NA
L01-726-6,DANA POINT,0,0,13188470.493113145,302.7656219722944,DANA POINT,0,8623499.22388465,NA
L01-726-6,SAN JUAN CAPISTRANO,0,0,8842496.99493502,202.9957987817957,DANA POINT,0,2612469.6335842325,NA
L01-726-7,SAN JUAN CAPISTRANO,0,0,8842496.99493502,202.9957987817957,DANA POINT,0,2612469.6335842325,NA
L01-726-8,SAN JUAN CAPISTRANO,27427.995143999997,0.25,8842496.99493502,202.9957987817957,SAN JUAN CAPISTRANO,109711.98057599999,2612469.6335842325,NA
L01-726-9,SAN JUAN CAPISTRANO,0,0,8842496.99493502,202.9957987817957,SAN JUAN CAPISTRANO,0,2612469.6335842325,NA
L01-727-1 (L01S04),DANA POINT,0,0,13188470.493113145,302.7656219722944,DANA POINT,0,8623499.22388465,NA
L01-727-1 (L01S04),LAGUNA NIGUEL,0,0,103212442.91903976,2369.431655625339,DANA POINT,0,91963958.14168793,NA
L01-727-2,DANA POINT,0,0,13188470.493113145,302.7656219722944,DANA POINT,0,8623499.22388465,NA
L01-728-4,DANA POINT,76878.25992,0.385,13188470.493113145,302.7656219722944,DANA POINT,199683.792,8623499.22388465,NA
L01-728-6,DANA POINT,0,0,13188470.493113145,302.7656219722944,DANA POINT,0,8623499.22388465,NA
L01-728-7 (L01S03),DANA POINT,0,0,13188470.493113145,302.7656219722944,DANA POINT,24293.16441647937,NA,NA
L01-728-7 (L01S03),SAN JUAN CAPISTRANO,0,0,8842496.99493502,202.9957987817957,DANA POINT,420716.4286584094,NA,NA
L01-728-8d,DANA POINT,0,0,13188470.493113145,302.7656219722944,DANA POINT,0,8623499.22388465,NA
L01-728-9,DANA POINT,0,0,13188470.493113145,302.7656219722944,DANA POINT,0,8623499.22388465,NA
L01-730-1,ORANGE CO,13939.935801419979,1,54406355.72231314,1248.9980652505315,RANCHO SANTA MARGARITA,13939.935801419979,49840801.3300099,NA
L01-730-1,RANCHO SANTA MARGARITA,94799.64813333626,1,26145050.573031798,600.2077725673049,RANCHO SANTA MARGARITA,94799.64813333626,8572923.317579193,NA
L01-733-4,ORANGE CO,0,0,54406355.72231314,1248.9980652505315,ORANGE CO,0,49840801.3300099,NA
L01-733-5,ORANGE CO,0,0,54406355.72231314,1248.9980652505315,ORANGE CO,0,49840801.3300099,NA
L01-733-7,ORANGE CO,1065647.9231999998,1,54406355.72231314,1248.9980652505315,ORANGE CO,1065647.9231999998,49840801.3300099,NA
L01-747-2,ORANGE CO,66929.12183727296,0.635,54406355.72231314,1248.9980652505315,SAN JUAN CAPISTRANO,105400.19186972121,49840801.3300099,NA
L01-747-2,SAN JUAN CAPISTRANO,306026.34996428696,0.635,8842496.99493502,202.9957987817957,SAN JUAN CAPISTRANO,481931.25978627865,2612469.6335842325,NA
L01-748-1,SAN JUAN CAPISTRANO,0,0,8842496.99493502,202.9957987817957,SAN JUAN CAPISTRANO,0,2612469.6335842325,NA
L01-749-3,SAN JUAN CAPISTRANO,0,0,8842496.99493502,202.9957987817957,SAN JUAN CAPISTRANO,0,2612469.6335842325,NA
L01-749-5,SAN JUAN CAPISTRANO,0,0,8842496.99493502,202.9957987817957,SAN JUAN CAPISTRANO,0,2612469.6335842325,NA
L01-760-1,ORANGE CO,42736.92192000001,0.385,54406355.72231314,1248.9980652505315,ORANGE CO,111004.99200000001,49840801.3300099,NA
L01-766-2 (L01S06),SAN JUAN CAPISTRANO,0,0,8842496.99493502,202.9957987817957,SAN JUAN CAPISTRANO,2315276.321512945,2612469.6335842325,NA
L01-766-3,SAN JUAN CAPISTRANO,27989.711999999996,0.5,8842496.99493502,202.9957987817957,SAN JUAN CAPISTRANO,55979.42399999999,2612469.6335842325,NA
L01-766-4,SAN JUAN CAPISTRANO,0,0,8842496.99493502,202.9957987817957,SAN JUAN CAPISTRANO,0,2612469.6335842325,NA
L01-766-5,SAN JUAN CAPISTRANO,0,0,8842496.99493502,202.9957987817957,SAN JUAN CAPISTRANO,0,2612469.6335842325,NA
L01-766-8,SAN JUAN CAPISTRANO,0,0,8842496.99493502,202.9957987817957,SAN JUAN CAPISTRANO,0,2612469.6335842325,NA
L02-166-1 (L02PXX),MISSION VIEJO,42745.15563761006,0.77,29837016.65099346,684.9636513083898,RANCHO SANTA MARGARITA,55513.189139753325,20435540.922064316,NA
L02-166-1 (L02PXX),RANCHO SANTA MARGARITA,739846.3822317214,0.77,26145050.573031798,600.2077725673049,RANCHO SANTA MARGARITA,960839.457443794,8572923.317579193,NA
L02-166-2 (L02P25),MISSION VIEJO,297430.8858774552,0.77,29837016.65099346,684.9636513083898,RANCHO SANTA MARGARITA,386273.87776292884,20435540.922064316,NA
L02-166-2 (L02P25),RANCHO SANTA MARGARITA,591059.2539435928,0.77,26145050.573031798,600.2077725673049,RANCHO SANTA MARGARITA,767609.4207059647,8572923.317579193,NA
L02-204-1 (L02P45),RANCHO SANTA MARGARITA,0,0,26145050.573031798,600.2077725673049,RANCHO SANTA MARGARITA,192224.39961599998,8572923.317579193,NA
L02-344-2,ORANGE CO,851066.0927999998,0.77,54406355.72231314,1248.9980652505315,ORANGE CO,1105280.6399999997,49840801.3300099,NA
L02-359-1 (L02P43),MISSION VIEJO,66137.09697930994,0.77,29837016.65099346,684.9636513083898,ORANGE CO,85892.33373936354,20435540.922064316,NA
L02-359-1 (L02P43),ORANGE CO,584.83213935563,0.77,54406355.72231314,1248.9980652505315,ORANGE CO,759.5222589034156,49840801.3300099,NA
L02-366-1 (MVL02P14),MISSION VIEJO,179591.98904999997,0.635,29837016.65099346,684.9636513083898,MISSION VIEJO,282822.02999999997,20435540.922064316,NA
L02-502-1,MISSION VIEJO,0,0.385,29837016.65099346,684.9636513083898,SAN JUAN CAPISTRANO,0,20435540.922064316,NA
L02-502-1,ORANGE CO,0,0.385,54406355.72231314,1248.9980652505315,SAN JUAN CAPISTRANO,0,49840801.3300099,NA
L02-502-1,SAN JUAN CAPISTRANO,0,0.385,8842496.99493502,202.9957987817957,SAN JUAN CAPISTRANO,0,2612469.6335842325,NA
L02-502-5,SAN JUAN CAPISTRANO,0,0,8842496.99493502,202.9957987817957,SAN JUAN CAPISTRANO,0,2612469.6335842325,NA
L02-541-2,SAN JUAN CAPISTRANO,0,0,8842496.99493502,202.9957987817957,SAN JUAN CAPISTRANO,0,2612469.6335842325,NA
L02-541-7,SAN JUAN CAPISTRANO,0,0,8842496.99493502,202.9957987817957,SAN JUAN CAPISTRANO,0,2612469.6335842325,NA
L02-541-9 (L02P02),SAN JUAN CAPISTRANO,362770.86695849994,0.385,8842496.99493502,202.9957987817957,SAN JUAN CAPISTRANO,942261.9920999998,2612469.6335842325,NA
L03-142-1 (L03P24),ORANGE CO,65893.72946870275,0.77,54406355.72231314,1248.9980652505315,RANCHO SANTA MARGARITA,85576.27203727629,49840801.3300099,NA
L03-142-1 (L03P24),RANCHO SANTA MARGARITA,118.2430902941602,0.77,26145050.573031798,600.2077725673049,RANCHO SANTA MARGARITA,153.56245492748076,8572923.317579193,NA
L03-240-1 (L03P14),MISSION VIEJO,260772.54566399995,1,29837016.65099346,684.9636513083898,MISSION VIEJO,260772.54566399995,20435540.922064316,NA
L03-241-3,MISSION VIEJO,7701319.179359999,1,29837016.65099346,684.9636513083898,MISSION VIEJO,7701319.179359999,20435540.922064316,NA
L03-316-1,MISSION VIEJO,352888.47633599996,1,29837016.65099346,684.9636513083898,MISSION VIEJO,352888.47633599996,20435540.922064316,NA
L03-418-1,LAGUNA NIGUEL,29354.67086388953,1,103212442.91903976,2369.431655625339,LAGUNA NIGUEL,29354.67086388953,91963958.14168793,NA
L03-418-1,MISSION VIEJO,506738.69704076665,1,29837016.65099346,684.9636513083898,LAGUNA NIGUEL,506738.69704076665,20435540.922064316,NA
L03-418-3,LAGUNA NIGUEL,0,0.25,103212442.91903976,2369.431655625339,LAGUNA NIGUEL,0,91963958.14168793,NA
L03-455-2,SAN JUAN CAPISTRANO,119387.00159999999,1,8842496.99493502,202.9957987817957,SAN JUAN CAPISTRANO,119387.00159999999,2612469.6335842325,NA
L03-455-3 (L03P37),LAGUNA NIGUEL,0,0,103212442.91903976,2369.431655625339,SAN JUAN CAPISTRANO,0,91963958.14168793,NA
L03-455-3 (L03P37),MISSION VIEJO,0,0,29837016.65099346,684.9636513083898,SAN JUAN CAPISTRANO,0,20435540.922064316,NA
L03-455-3 (L03P37),SAN JUAN CAPISTRANO,0,0,8842496.99493502,202.9957987817957,SAN JUAN CAPISTRANO,0,2612469.6335842325,NA
L03-455-4,SAN JUAN CAPISTRANO,0,0,8842496.99493502,202.9957987817957,SAN JUAN CAPISTRANO,0,2612469.6335842325,NA
L03-455-5,LAGUNA NIGUEL,0,0,103212442.91903976,2369.431655625339,LAGUNA NIGUEL,0,91963958.14168793,NA
L03-455-5,SAN JUAN CAPISTRANO,0,0,8842496.99493502,202.9957987817957,LAGUNA NIGUEL,0,2612469.6335842325,NA
L03-455-6,LAGUNA NIGUEL,0,0,103212442.91903976,2369.431655625339,LAGUNA NIGUEL,0,91963958.14168793,NA
L03-455-6,MISSION VIEJO,0,0,29837016.65099346,684.9636513083898,LAGUNA NIGUEL,0,20435540.922064316,NA
L03-455-6,SAN JUAN CAPISTRANO,0,0,8842496.99493502,202.9957987817957,LAGUNA NIGUEL,0,2612469.6335842325,NA
L03-455-7,LAGUNA NIGUEL,218424.3542507711,1,103212442.91903976,2369.431655625339,LAGUNA NIGUEL,218424.3542507711,91963958.14168793,NA
L03-455-7,SAN JUAN CAPISTRANO,35684.6216341302,1,8842496.99493502,202.9957987817957,LAGUNA NIGUEL,35684.6216341302,2612469.6335842325,NA
L03-693-1 (L03P11),MISSION VIEJO,301649.508,1,29837016.65099346,684.9636513083898,MISSION VIEJO,301649.508,20435540.922064316,NA
L03-708-1,LAGUNA HILLS,1182.0405372309735,1,30382783.63122218,697.4927371722264,LAGUNA NIGUEL,1182.0405372309735,29700585.041044578,NA
L03-708-1,LAGUNA NIGUEL,377518.656479528,1,103212442.91903976,2369.431655625339,LAGUNA NIGUEL,377518.656479528,91963958.14168793,NA
L03-708-11 (L03P05),LAGUNA HILLS,655802.8271114007,0.5,30382783.63122218,697.4927371722264,LAGUNA NIGUEL,1311605.6542228013,29700585.041044578,NA
L03-708-11 (L03P05),LAGUNA NIGUEL,7785.511637889382,0.5,103212442.91903976,2369.431655625339,LAGUNA NIGUEL,15571.023275778763,91963958.14168793,NA
L03-708-13,MISSION VIEJO,1029452.9332320001,1,29837016.65099346,684.9636513083898,LAGUNA NIGUEL,1029452.9332320001,20435540.922064316,NA
L03-708-5,LAGUNA NIGUEL,0,0,103212442.91903976,2369.431655625339,LAGUNA NIGUEL,0,91963958.14168793,NA
L03-708-5,MISSION VIEJO,0,0,29837016.65099346,684.9636513083898,LAGUNA NIGUEL,0,20435540.922064316,NA
L03-708-9,LAGUNA NIGUEL,109068.20974800001,1,103212442.91903976,2369.431655625339,LAGUNA NIGUEL,109068.20974800001,91963958.14168793,NA
L04-136-1u (L04P07),MISSION VIEJO,1623717.1295280003,0.5,29837016.65099346,684.9636513083898,MISSION VIEJO,3247434.2590560005,NA,NA
L04-702-1 (L04P02),LAGUNA HILLS,1100343.7752426937,1,30382783.63122218,697.4927371722264,MISSION VIEJO,1100343.7752426937,29700585.041044578,NA
L04-702-4,LAGUNA HILLS,0,0,30382783.63122218,697.4927371722264,MISSION VIEJO,0,29700585.041044578,NA
L04-702-4,MISSION VIEJO,0,0,29837016.65099346,684.9636513083898,MISSION VIEJO,0,20435540.922064316,NA
L05-049-2,ORANGE CO,4517450.0928,1,54406355.72231314,1248.9980652505315,ORANGE CO,4517450.0928,NA,NA
L05-489-3d,ORANGE CO,38664183.310991995,1,54406355.72231314,1248.9980652505315,ORANGE CO,38664183.310991995,49840801.3300099,NA
L05-489-7,ORANGE CO,346607.424,1,54406355.72231314,1248.9980652505315,ORANGE CO,346607.424,NA,NA
LC01-11446-1,LAGUNA BEACH,40301.04991609573,0.75,3197852.585558988,73.41259379152865,LAGUNA BEACH,53734.73322146097,1879478.3242043818,NA
LC01-11446-1,ORANGE CO,57084.659707308725,0.75,54406355.72231314,1248.9980652505315,LAGUNA BEACH,76112.87960974497,49840801.3300099,NA
LC02-11508-2,LAGUNA BEACH,137560.61548511998,0.885,3197852.585558988,73.41259379152865,LAGUNA BEACH,155435.72371199998,1879478.3242043818,NA
LC02-11508-3,LAGUNA BEACH,0,0,3197852.585558988,73.41259379152865,LAGUNA BEACH,0,1879478.3242043818,NA
LC02-11508-3,ORANGE CO,0,0,54406355.72231314,1248.9980652505315,LAGUNA BEACH,0,49840801.3300099,NA
LC03-11515-1,LAGUNA BEACH,170260.792128,0.5,3197852.585558988,73.41259379152865,LAGUNA BEACH,340521.584256,1879478.3242043818,NA
LC05-11017-1,LAGUNA BEACH,0,0,3197852.585558988,73.41259379152865,LAGUNA BEACH,0,1879478.3242043818,NA
LC06-11019-1,LAGUNA BEACH,520990.15343539766,0.5,3197852.585558988,73.41259379152865,LAGUNA BEACH,1041980.3068707953,1879478.3242043818,NA
LC06-11019-1,ORANGE CO,56568.90965638828,0.5,54406355.72231314,1248.9980652505315,LAGUNA BEACH,113137.81931277656,49840801.3300099,NA
M00.1-071-2 (M00S04),SAN CLEMENTE,0,0,19982422.455257487,458.73329787092484,SAN CLEMENTE,0,12249919.308809487,NA
M00.2-066-1 (M00S07),SAN CLEMENTE,58305.386531614036,0.5,19982422.455257487,458.73329787092484,SAN CLEMENTE,116610.77306322807,12249919.308809487,NA
M01-038-3,SAN CLEMENTE,179302.095072,1,19982422.455257487,458.73329787092484,SAN CLEMENTE,179302.095072,12249919.308809487,NA
M01-038-6,SAN CLEMENTE,90192.18196799999,1,19982422.455257487,458.73329787092484,SAN CLEMENTE,90192.18196799999,12249919.308809487,NA
M01-050-4 (M01@CGV),SAN CLEMENTE,217697.75999999995,1,19982422.455257487,458.73329787092484,SAN CLEMENTE,217697.75999999995,12249919.308809487,NA
M01-050-7,SAN CLEMENTE,37.31961599999999,0.5,19982422.455257487,458.73329787092484,SAN CLEMENTE,74.63923199999998,12249919.308809487,NA
M01-060-3,DANA POINT,5496.991097344172,0.75,13188470.493113145,302.7656219722944,DANA POINT,7329.321463125562,NA,NA
M01-060-3,ORANGE CO,1282996.7257172433,0.75,54406355.72231314,1248.9980652505315,DANA POINT,1710662.3009563242,NA,NA
M01-060-3,SAN CLEMENTE,6351391.000608804,0.75,19982422.455257487,458.73329787092484,DANA POINT,8468521.334145071,NA,NA
M01-060-3,SAN JUAN CAPISTRANO,1598385.62064804,0.75,8842496.99493502,202.9957987817957,DANA POINT,2131180.8275307203,NA,NA
M01-099-1,SAN CLEMENTE,102628.94399999999,1,19982422.455257487,458.73329787092484,SAN CLEMENTE,102628.94399999999,12249919.308809487,NA
M01-124-2,SAN CLEMENTE,55979.424000000014,1,19982422.455257487,458.73329787092484,SAN CLEMENTE,55979.424000000014,12249919.308809487,NA
M01-124-4,SAN CLEMENTE,16793.8272,0.75,19982422.455257487,458.73329787092484,SAN CLEMENTE,22391.7696,NA,NA
M02-052-3,SAN CLEMENTE,34458.44544,0.9233333333333333,19982422.455257487,458.73329787092484,SAN CLEMENTE,37319.616,NA,NA
M02-061-5,SAN CLEMENTE,0,0,19982422.455257487,458.73329787092484,SAN CLEMENTE,0,12249919.308809487,NA
M02-142-1,SAN CLEMENTE,0,0.385,19982422.455257487,458.73329787092484,SAN CLEMENTE,0,12249919.308809487,NA
SC02-072-1,SAN CLEMENTE,0,0,19982422.455257487,458.73329787092484,SAN CLEMENTE,0,12249919.308809487,NA
SC03-067-1,SAN CLEMENTE,0,0,19982422.455257487,458.73329787092484,SAN CLEMENTE,0,12249919.308809487,NA
SC06-146-1 (M00P02),SAN CLEMENTE,51095.2195114761,0.75,19982422.455257487,458.73329787092484,SAN CLEMENTE,68126.9593486348,12249919.308809487,NA
SC07-079-4,SAN CLEMENTE,125953.70399999997,1,19982422.455257487,458.73329787092484,SAN CLEMENTE,125953.70399999997,12249919.308809487,NA
SC10-075-1 (M00P05),DANA POINT,75411.01257486768,0.75,13188470.493113145,302.7656219722944,DANA POINT,100548.01676649024,8623499.22388465,NA
SC10-075-1 (M00P05),SAN CLEMENTE,8558.122786966886,0.75,19982422.455257487,458.73329787092484,DANA POINT,11410.830382622515,12249919.308809487,NA
SC11-026-1 (M00P01),DANA POINT,12513.06359352147,0.25,13188470.493113145,302.7656219722944,DANA POINT,50052.25437408588,8623499.22388465,NA
SC11-026-1 (M00P01),SAN CLEMENTE,5849.362969877318,0.25,19982422.455257487,458.73329787092484,DANA POINT,23397.451879509274,12249919.308809487,NA
SC11-026-1 (M00P01),SAN JUAN CAPISTRANO,297.38141850119905,0.25,8842496.99493502,202.9957987817957,DANA POINT,1189.5256740047962,2612469.6335842325,NA
SC11-035-2d,DANA POINT,0,0.25,13188470.493113145,302.7656219722944,DANA POINT,0,8623499.22388465,NA
SC11-035-3d,DANA POINT,0,0,13188470.493113145,302.7656219722944,DANA POINT,0,8623499.22388465,NA
SC12-068-2,SAN CLEMENTE,126965.99858399999,0.5,19982422.455257487,458.73329787092484,SAN CLEMENTE,253931.99716799997,12249919.308809487,NA
SC12-068-4,SAN CLEMENTE,718.2814111811421,0.25,19982422.455257487,458.73329787092484,SAN CLEMENTE,2873.1256447245682,12249919.308809487,NA
J01-9364-3 (J01P21),ALISO VIEJO,102305358.0460104,1,116347522.37064542,2670.9715879395185,ORANGE CO,102305358.0460104,112756296.95986444,NA
J01-9364-3 (J01P21),LAGUNA NIGUEL,206696.5887380172,1,103212442.91903976,2369.431655625339,ORANGE CO,206696.5887380172,91963958.14168793,NA
J01-9364-3 (J01P21),ORANGE CO,384.1745901387388,1,54406355.72231314,1248.9980652505315,ORANGE CO,384.1745901387388,49840801.3300099,NA
L02-401-2 (COL02P55),ORANGE CO,0,0.5,54406355.72231314,1248.9980652505315,ORANGE CO,0,49840801.3300099,NA
J01-9144-4 (J01P26),ALISO VIEJO,0,0,116347522.37064542,2670.9715879395185,ALISO VIEJO,124605.64800000002,112756296.95986444,NA
L02-640-1 (L11P02),RANCHO SANTA MARGARITA,3303330.2184960004,0.77,26145050.573031798,600.2077725673049,RANCHO SANTA MARGARITA,4290039.2448,8572923.317579193,NA
J01-9264-1 (J01P06),LAKE FOREST,0,0.5,13086268.751089767,300.4193928165695,LAKE FOREST,0,9791587.735475397,NA
J01-9046-3,LAKE FOREST,59225.15491199999,0.77,13086268.751089767,300.4193928165695,LAKE FOREST,76915.78559999999,9791587.735475397,NA
J01-10004-2,LAKE FOREST,10064.9952,0.5,13086268.751089767,300.4193928165695,LAKE FOREST,20129.9904,9791587.735475397,NA
J01-9275-1,LAKE FOREST,61452.00464866406,0.77,13086268.751089767,300.4193928165695,LAKE FOREST,79807.79824501825,9791587.735475397,NA
J01-9275-1,MISSION VIEJO,219.45265630396418,0.77,29837016.65099346,684.9636513083898,LAKE FOREST,285.003449745408,20435540.922064316,NA
J01-10041-2 (J03P13),LAGUNA HILLS,3316.2417058841997,0.5,30382783.63122218,697.4927371722264,LAGUNA NIGUEL,6632.4834117683995,29700585.041044578,NA
J01-10041-2 (J03P13),LAGUNA NIGUEL,34217887.89689,0.5,103212442.91903976,2369.431655625339,LAGUNA NIGUEL,68435775.79378,91963958.14168793,NA
J03-9215-1,LAGUNA NIGUEL,0,1,103212442.91903976,2369.431655625339,LAGUNA NIGUEL,0,91963958.14168793,NA
SC01-077-2,SAN CLEMENTE,156174.47999999998,0.77,19982422.455257487,458.73329787092484,SAN CLEMENTE,202823.99999999997,12249919.308809487,NA
SC01-077-1,SAN CLEMENTE,1105673.671872,0.77,19982422.455257487,458.73329787092484,SAN CLEMENTE,1435939.8336,12249919.308809487,NA
J01-9313-1,ALISO VIEJO,1066027.889108841,0.77,116347522.37064542,2670.9715879395185,ALISO VIEJO,1384451.804037456,112756296.95986444,NA
J01-9313-1,ORANGE CO,8399.298406314818,0.77,54406355.72231314,1248.9980652505315,ALISO VIEJO,10908.179748460801,49840801.3300099,NA
I01-11487-2,LAGUNA BEACH,115052.40011505238,0.5,3197852.585558988,73.41259379152865,LAGUNA BEACH,230104.80023010477,1879478.3242043818,NA
I01-11502-1,LAGUNA BEACH,0,0.77,3197852.585558988,73.41259379152865,ALISO VIEJO,0,NA,NA
I01-11502-1,LAGUNA WOODS,0,0.77,1275233.3939980974,29.27533044072767,ALISO VIEJO,0,NA,NA
I01-11216-1 (I02P13),ALISO VIEJO,0,0.77,116347522.37064542,2670.9715879395185,ALISO VIEJO,0,NA,NA
I01-11216-1 (I02P13),LAGUNA WOODS,0,0.77,1275233.3939980974,29.27533044072767,ALISO VIEJO,0,NA,NA
I01-11216-2 (I02P12),ALISO VIEJO,0,0.77,116347522.37064542,2670.9715879395185,ALISO VIEJO,0,NA,NA
I01-11216-3,ALISO VIEJO,0,0.77,116347522.37064542,2670.9715879395185,ALISO VIEJO,0,NA,NA
I01-11216-3,LAGUNA WOODS,0,0.77,1275233.3939980974,29.27533044072767,ALISO VIEJO,0,NA,NA
I01-11216-4 (I02P14),ALISO VIEJO,0,0.77,116347522.37064542,2670.9715879395185,ALISO VIEJO,0,NA,NA
M00.1-070-4,SAN CLEMENTE,0,0.77,19982422.455257487,458.73329787092484,SAN CLEMENTE,0,NA,NA
M00.1-071-3 (M00S04),SAN CLEMENTE,1196093.7119374992,1,19982422.455257487,458.73329787092484,SAN CLEMENTE,1196093.7119374992,NA,NA
SC05-073-1,SAN CLEMENTE,188896.755022348,1,19982422.455257487,458.73329787092484,SAN CLEMENTE,188896.755022348,12249919.308809487,NA
M02-102-1,ORANGE CO,22850.086400323773,0.5,54406355.72231314,1248.9980652505315,SAN CLEMENTE,45700.172800647546,NA,NA
M02-102-1,SAN CLEMENTE,572100.3136532217,0.5,19982422.455257487,458.73329787092484,SAN CLEMENTE,1144200.6273064434,NA,NA
M02-013-1,SAN CLEMENTE,0,0.77,19982422.455257487,458.73329787092484,SAN CLEMENTE,0,NA,NA
L01-618-3,SAN JUAN CAPISTRANO,0,0.77,8842496.99493502,202.9957987817957,SAN JUAN CAPISTRANO,0,2612469.6335842325,NA
L01-618-2,SAN JUAN CAPISTRANO,0,0.77,8842496.99493502,202.9957987817957,SAN JUAN CAPISTRANO,0,2612469.6335842325,NA
L01-618-1,SAN JUAN CAPISTRANO,0,0,8842496.99493502,202.9957987817957,SAN JUAN CAPISTRANO,2190499.1999999997,2612469.6335842325,NA
L01-602-2,SAN JUAN CAPISTRANO,0,0,8842496.99493502,202.9957987817957,SAN JUAN CAPISTRANO,0,2612469.6335842325,NA
L02-571-1,SAN JUAN CAPISTRANO,0,0.77,8842496.99493502,202.9957987817957,SAN JUAN CAPISTRANO,0,2612469.6335842325,NA
L02-571-3,SAN JUAN CAPISTRANO,16415.222400000002,1,8842496.99493502,202.9957987817957,SAN JUAN CAPISTRANO,16415.222400000002,2612469.6335842325,NA
K01-12156-1,LAGUNA NIGUEL,0,0.77,103212442.91903976,2369.431655625339,LAGUNA NIGUEL,0,91963958.14168793,NA
K01-12156-3,LAGUNA NIGUEL,0,0.77,103212442.91903976,2369.431655625339,LAGUNA NIGUEL,0,91963958.14168793,NA
L01-724-2,SAN JUAN CAPISTRANO,0,0.77,8842496.99493502,202.9957987817957,SAN JUAN CAPISTRANO,0,2612469.6335842325,NA
L01-517-1,ORANGE CO,0,0.77,54406355.72231314,1248.9980652505315,SAN JUAN CAPISTRANO,0,49840801.3300099,NA
L01-517-1,SAN JUAN CAPISTRANO,0,0.77,8842496.99493502,202.9957987817957,SAN JUAN CAPISTRANO,0,2612469.6335842325,NA
L01-517-2,SAN JUAN CAPISTRANO,0,0.77,8842496.99493502,202.9957987817957,SAN JUAN CAPISTRANO,0,2612469.6335842325,NA
L01-517-3,ORANGE CO,15048.826301286043,0.385,54406355.72231314,1248.9980652505315,ORANGE CO,39087.86052282089,49840801.3300099,NA
L01-517-3,SAN JUAN CAPISTRANO,2276.1293449814602,0.385,8842496.99493502,202.9957987817957,ORANGE CO,5912.024272679117,2612469.6335842325,NA
SM01-086-1 (M03P01),ORANGE CO,0,0.77,54406355.72231314,1248.9980652505315,SAN CLEMENTE,0,49840801.3300099,NA
SM01-086-1 (M03P01),SAN CLEMENTE,0,0.77,19982422.455257487,458.73329787092484,SAN CLEMENTE,0,12249919.308809487,NA
M02-028-2 (M02P08),ORANGE CO,0,0,54406355.72231314,1248.9980652505315,SAN CLEMENTE,1273.1905573664674,NA,NA
M02-028-2 (M02P08),SAN CLEMENTE,0,0,19982422.455257487,458.73329787092484,SAN CLEMENTE,1089460.1948790236,NA,NA
M02-015-1,SAN CLEMENTE,218269.45324800006,0.385,19982422.455257487,458.73329787092484,SAN CLEMENTE,566933.6448000001,NA,NA
L01-125-1,ORANGE CO,0,0.77,54406355.72231314,1248.9980652505315,RANCHO SANTA MARGARITA,0,49840801.3300099,NA
L01-125-1,RANCHO SANTA MARGARITA,0,0.77,26145050.573031798,600.2077725673049,RANCHO SANTA MARGARITA,0,8572923.317579193,NA
L01-125-2,ORANGE CO,220595.96753123973,0.77,54406355.72231314,1248.9980652505315,RANCHO SANTA MARGARITA,286488.26952109055,49840801.3300099,NA
L01-125-2,RANCHO SANTA MARGARITA,204118.781495757,0.77,26145050.573031798,600.2077725673049,RANCHO SANTA MARGARITA,265089.32661786623,8572923.317579193,NA
L02-622-2 (L02P32),ORANGE CO,169372.44570154097,0.77,54406355.72231314,1248.9980652505315,RANCHO SANTA MARGARITA,219964.21519680647,49840801.3300099,NA
L02-622-2 (L02P32),RANCHO SANTA MARGARITA,1915916.313749752,0.77,26145050.573031798,600.2077725673049,RANCHO SANTA MARGARITA,2488203.0048698075,8572923.317579193,NA
L01-261-1,ORANGE CO,163615.32154348708,0.77,54406355.72231314,1248.9980652505315,ORANGE CO,212487.43057595723,49840801.3300099,NA
L01-261-1,RANCHO SANTA MARGARITA,243.67467559714126,0.77,26145050.573031798,600.2077725673049,ORANGE CO,316.460617658625,8572923.317579193,NA
L04-266-1,MISSION VIEJO,0,0.77,29837016.65099346,684.9636513083898,MISSION VIEJO,0,20435540.922064316,NA
J07-9109-1,MISSION VIEJO,58274.1864,0.25,29837016.65099346,684.9636513083898,MISSION VIEJO,233096.7456,20435540.922064316,NA
J07-9109-2,LAKE FOREST,8710.22825922156,0.25,13086268.751089767,300.4193928165695,MISSION VIEJO,34840.91303688624,9791587.735475397,NA
J07-9109-2,MISSION VIEJO,445629.52999466565,0.25,29837016.65099346,684.9636513083898,MISSION VIEJO,1782518.1199786626,20435540.922064316,NA
L03-691-1 (L03P09),MISSION VIEJO,4472881.281851487,0.5,29837016.65099346,684.9636513083898,MISSION VIEJO,8945762.563702974,20435540.922064316,NA
L03-691-1 (L03P09),ORANGE CO,12675.935299956302,0.5,54406355.72231314,1248.9980652505315,MISSION VIEJO,25351.870599912603,49840801.3300099,NA
L03-141-1,MISSION VIEJO,1107911.1605351397,1,29837016.65099346,684.9636513083898,MISSION VIEJO,1107911.1605351397,NA,NA
L03-141-1,RANCHO SANTA MARGARITA,789673.3770648604,1,26145050.573031798,600.2077725673049,MISSION VIEJO,789673.3770648604,NA,NA
L01-414-1,ORANGE CO,0,0.385,54406355.72231314,1248.9980652505315,ORANGE CO,0,49840801.3300099,NA
L01-733-2,ORANGE CO,2965945.929382803,1,54406355.72231314,1248.9980652505315,ORANGE CO,2965945.929382803,49840801.3300099,NA
L01-733-2,RANCHO SANTA MARGARITA,26441.347477044288,1,26145050.573031798,600.2077725673049,ORANGE CO,26441.347477044288,8572923.317579193,NA
M01-003-1,ORANGE CO,0,0.77,54406355.72231314,1248.9980652505315,ORANGE CO,0,49840801.3300099,NA
M01-003-2,ORANGE CO,0,0.77,54406355.72231314,1248.9980652505315,ORANGE CO,0,49840801.3300099,NA
M01-002-1,ORANGE CO,0,0.77,54406355.72231314,1248.9980652505315,ORANGE CO,0,49840801.3300099,NA
L01-747-1,SAN JUAN CAPISTRANO,0,0,8842496.99493502,202.9957987817957,SAN JUAN CAPISTRANO,1216943.9999999995,2612469.6335842325,NA
L05-489-4,ORANGE CO,403482.2976,0.5,54406355.72231314,1248.9980652505315,ORANGE CO,806964.5952,NA,NA
L01-372-1,ORANGE CO,146101.87468800004,0.77,54406355.72231314,1248.9980652505315,ORANGE CO,189742.69440000004,49840801.3300099,NA
L01-218-1,ORANGE CO,0,0.77,54406355.72231314,1248.9980652505315,RANCHO SANTA MARGARITA,0,49840801.3300099,NA
L01-218-1,RANCHO SANTA MARGARITA,0,0.77,26145050.573031798,600.2077725673049,RANCHO SANTA MARGARITA,0,8572923.317579193,NA
L01-218-2,RANCHO SANTA MARGARITA,428456.2867199999,0.77,26145050.573031798,600.2077725673049,RANCHO SANTA MARGARITA,556436.7359999999,8572923.317579193,NA
L01-218-3,RANCHO SANTA MARGARITA,0,0.77,26145050.573031798,600.2077725673049,RANCHO SANTA MARGARITA,0,8572923.317579193,NA
J01-9033-1,LAKE FOREST,1274.5570263855702,0.77,13086268.751089767,300.4193928165695,LAKE FOREST,1655.2688654358053,9791587.735475397,NA
J01-9033-1,ORANGE CO,45059.80158685359,0.77,54406355.72231314,1248.9980652505315,LAKE FOREST,58519.22284006959,49840801.3300099,NA
J01-10012-3,MISSION VIEJO,0,0.77,29837016.65099346,684.9636513083898,MISSION VIEJO,0,20435540.922064316,NA
J01-10012-3,ORANGE CO,0,0.77,54406355.72231314,1248.9980652505315,MISSION VIEJO,0,49840801.3300099,NA
J01-10012-3,RANCHO SANTA MARGARITA,0,0.77,26145050.573031798,600.2077725673049,MISSION VIEJO,0,8572923.317579193,NA
J04-9249-1,ALISO VIEJO,3101655.14919377,1,116347522.37064542,2670.9715879395185,LAGUNA NIGUEL,3101655.14919377,112756296.95986444,NA
J04-9249-1,LAGUNA HILLS,27617633.097746596,1,30382783.63122218,697.4927371722264,LAGUNA NIGUEL,27617633.097746596,29700585.041044578,NA
J04-9249-1,LAGUNA NIGUEL,7724582.095719586,1,103212442.91903976,2369.431655625339,LAGUNA NIGUEL,7724582.095719586,91963958.14168793,NA
L02-502-6,SAN JUAN CAPISTRANO,0,0.77,8842496.99493502,202.9957987817957,SAN JUAN CAPISTRANO,0,2612469.6335842325,NA
L03-497-1,LAGUNA NIGUEL,0,0.77,103212442.91903976,2369.431655625339,SAN JUAN CAPISTRANO,0,91963958.14168793,NA
L03-497-1,SAN JUAN CAPISTRANO,0,0.77,8842496.99493502,202.9957987817957,SAN JUAN CAPISTRANO,0,2612469.6335842325,NA
L01-727-3,DANA POINT,109681.38720000001,0.5,13188470.493113145,302.7656219722944,DANA POINT,219362.77440000002,8623499.22388465,NA
L02-396-1,MISSION VIEJO,494144.69441151555,0.77,29837016.65099346,684.9636513083898,MISSION VIEJO,641746.3563785916,20435540.922064316,NA
L02-396-1,ORANGE CO,3594.446208887766,0.77,54406355.72231314,1248.9980652505315,MISSION VIEJO,4668.111959594501,49840801.3300099,NA
L01-613-1,DANA POINT,123090.1056,0.77,13188470.493113145,302.7656219722944,DANA POINT,159857.28,NA,NA
LC04-11199-1,LAGUNA BEACH,0,0.77,3197852.585558988,73.41259379152865,LAGUNA BEACH,0,1879478.3242043818,NA
L03-172-3,MISSION VIEJO,0,0.77,29837016.65099346,684.9636513083898,MISSION VIEJO,0,NA,NA
L01-303-5,ORANGE CO,220568.527872,0.77,54406355.72231314,1248.9980652505315,ORANGE CO,286452.6336,49840801.3300099,NA
L01-303-3,ORANGE CO,0,0.5,54406355.72231314,1248.9980652505315,ORANGE CO,0,49840801.3300099,NA
L01-303-2,ORANGE CO,1838592,1,54406355.72231314,1248.9980652505315,ORANGE CO,1838592,49840801.3300099,NA
L01-303-1,ORANGE CO,0,0.77,54406355.72231314,1248.9980652505315,ORANGE CO,0,49840801.3300099,NA
L01-517-8,SAN JUAN CAPISTRANO,0,0.77,8842496.99493502,202.9957987817957,SAN JUAN CAPISTRANO,0,2612469.6335842325,NA
SC02-072-4,SAN CLEMENTE,0,0.77,19982422.455257487,458.73329787092484,SAN CLEMENTE,0,12249919.308809487,NA
M00.1-070-6,SAN CLEMENTE,0,0.77,19982422.455257487,458.73329787092484,SAN CLEMENTE,0,NA,NA
L03-141-2,MISSION VIEJO,154074.00960000002,1,29837016.65099346,684.9636513083898,MISSION VIEJO,154074.00960000002,NA,NA
L03-141-3,MISSION VIEJO,327006.72000000003,1,29837016.65099346,684.9636513083898,MISSION VIEJO,327006.72000000003,NA,NA
LC05-11017-2,LAGUNA BEACH,715238.802432,0.77,3197852.585558988,73.41259379152865,LAGUNA BEACH,928881.5616,1879478.3242043818,NA
SC10-075-3 (M00S01),DANA POINT,7496375.039999998,0.77,13188470.493113145,302.7656219722944,DANA POINT,9735551.999999996,8623499.22388465,NA
SC09-081-2d,SAN CLEMENTE,812107.296,0.77,19982422.455257487,458.73329787092484,SAN CLEMENTE,1054684.7999999998,12249919.308809487,NA
M01-168-1d (M00P03),DANA POINT,0,0.77,13188470.493113145,302.7656219722944,DANA POINT,0,8623499.22388465,NA
M01-168-2d (M00P03),DANA POINT,0,0.77,13188470.493113145,302.7656219722944,DANA POINT,0,8623499.22388465,NA
SC11-035-1d,DANA POINT,0,0.77,13188470.493113145,302.7656219722944,DANA POINT,0,8623499.22388465,NA
I01-11195-2,ALISO VIEJO,4617276.048000001,0.77,116347522.37064542,2670.9715879395185,ALISO VIEJO,5996462.400000001,112756296.95986444,NA
J03-9216-5,LAGUNA NIGUEL,0,0.5,103212442.91903976,2369.431655625339,LAGUNA NIGUEL,0,91963958.14168793,NA
L01-399-1,ORANGE CO,0,0.77,54406355.72231314,1248.9980652505315,ORANGE CO,0,49840801.3300099,NA
L01-399-2,ORANGE CO,20224.512000000002,0.77,54406355.72231314,1248.9980652505315,ORANGE CO,26265.600000000002,49840801.3300099,NA
LC01-11480-1,ORANGE CO,0,0.77,54406355.72231314,1248.9980652505315,ORANGE CO,0,49840801.3300099,NA
L01-242-1 (L07P16),ORANGE CO,0,1,54406355.72231314,1248.9980652505315,ORANGE CO,0,49840801.3300099,NA
L01-242-1 (L07P16),RANCHO SANTA MARGARITA,0,1,26145050.573031798,600.2077725673049,ORANGE CO,0,8572923.317579193,NA
I01-11503-5,ALISO VIEJO,0,1,116347522.37064542,2670.9715879395185,ALISO VIEJO,0,112756296.95986444,NA
I01-11343-1,LAGUNA WOODS,0,0.385,1275233.3939980974,29.27533044072767,LAGUNA WOODS,0,0,NA
