FacilityID,QInscfsAdj,QInsCFAdj,Q_DailyavgCF,AVGDISCHARGE,JURISDICTI,SAMPLEDRY,PERSISTENTFLOW,JURISDICTI3,PERCENTAGE,area_acres,AREA,DischargePCF2,DischargePCF3,avgCnx,dry_days,Qadj_Qall
I01-11343-1,NA,NA,-0.99,0,LAGUNA WOODS,1,Yes,LAGUNA WOODS,100,33.3408069,33.34083637,NA,0,0.385,309,0
I01-11487-1,NA,NA,-0.99,0,LAGUNA BEACH,NA,Unknown,ALISO VIEJO,9.42798961,5606.22157779,528.5544551,NA,0,0.25,318,0
I01-11487-1,NA,NA,-0.99,0,LAGUNA BEACH,NA,Unknown,LAGUNA BEACH,28.71852666,5606.22157779,1610.025662,NA,0,0.25,318,0
I01-11487-1,NA,NA,-0.99,0,LAGUNA BEACH,NA,Unknown,LAGUNA WOODS,4.108913651,5606.22157779,230.3550073,NA,0,0.25,318,0
I01-11487-1,NA,NA,-0.99,0,LAGUNA BEACH,NA,Unknown,ORANGE CO,56.5439454,5606.22157779,3169.981671,NA,0,0.25,318,0
I01-11503-3,NA,NA,-0.99,0,ALISO VIEJO,NA,Yes,ALISO VIEJO,100,90.98036764,90.98044807,NA,0,0.5,318,0
J01-10006-1,NA,NA,-0.99,0,LAKE FOREST,NA,Yes,LAKE FOREST,100,23.20308578,23.2031063,NA,0,0.5,309,0
J05-9255-1 (J05P01),NA,NA,-0.99,0,LAGUNA HILLS,NA,Yes,LAGUNA HILLS,100,70.04513345,70.04519538,NA,0,0,323,0
J05-9271-6,NA,NA,0,0,LAGUNA HILLS,NA,Unknown,LAGUNA HILLS,100,NA,NA,0,0,0,323,0
L01-335-2,NA,NA,0,0,ORANGE CO,NA,Unknown,ORANGE CO,100,NA,NA,0,0,0.5,304,0
L01-391-1,NA,NA,-0.99,0,ORANGE CO,NA,Yes,ORANGE CO,100,29.95853952,29.958566,NA,0,1,304,0
L01-726-2,NA,NA,0,0,DANA POINT,NA,Unknown,DANA POINT,100,2.51489735,2.514899575,0,0,0,319,0
L02-344-1,NA,NA,0,0,ORANGE CO,NA,Unknown,ORANGE CO,99.37899245,178.3182714,177.2110581,0,0,0.385,309,0
L02-344-1,NA,NA,0,0,ORANGE CO,NA,Unknown,RANCHO SANTA MARGARITA,0.621007707,178.3182714,1.107371188,0,0,0.385,309,0
L02-401-1,NA,NA,-0.99,0,ORANGE CO,NA,Yes,MISSION VIEJO,97.18078684,199.48492042,193.8611867,NA,0,1,323,0
L02-401-1,NA,NA,-0.99,0,ORANGE CO,NA,Yes,ORANGE CO,2.819212227,199.48492042,5.623908238,NA,0,1,323,0
L02-571-5 (L02TBN2),NA,NA,-0.99,0,SAN JUAN CAPISTRANO,NA,Unknown,LAGUNA NIGUEL,25.81138094,220.78861654,56.98864128,NA,0,1,313,0
L02-571-5 (L02TBN2),NA,NA,-0.99,0,SAN JUAN CAPISTRANO,NA,Unknown,SAN JUAN CAPISTRANO,74.1886223,220.78861654,163.8001776,NA,0,1,313,0
M01-008-1,NA,NA,-0.99,0,SAN CLEMENTE,NA,Unknown,SAN CLEMENTE,100,NA,NA,NA,0,1,313,0
L01-748-2,NA,NA,-0.99,0,SAN JUAN CAPISTRANO,NA,Yes,SAN JUAN CAPISTRANO,100,NA,NA,NA,0,0.77,313,0
DP01-12022-1,0.03821358,3301.6533119999995,465.0048,0.055382,DANA POINT,NA,Yes,DANA POINT,100,NA,NA,465.00479999999993,465.00479999999993,1,319,148336.53119999997
DP04-12015-1,0.006944849999999999,600.0350399999999,869.616,0.010065,LAGUNA BEACH,NA,Unknown,LAGUNA BEACH,65.93698008,178.90214373,117.9627752,573.3985286924927,573.3985286924927,0,318,0
DP04-12015-1,0.006944849999999999,600.0350399999999,869.616,0.010065,LAGUNA BEACH,NA,Unknown,LAGUNA NIGUEL,33.93511159,178.90214373,60.71069578,295.1051600044944,295.1051600044944,0,318,0
DP04-12015-1,0.006944849999999999,600.0350399999999,869.616,0.010065,LAGUNA BEACH,NA,Unknown,ORANGE CO,0.127907549,178.90214373,0.22882955,1.1123045113118402,1.1123045113118402,0,318,0
I00-11518-2,0.0033119999999999994,286.1568,414.7199999999999,0.0048,LAGUNA BEACH,NA,Yes,LAGUNA BEACH,100,NA,NA,414.7199999999999,414.7199999999999,0.885,318,116714.64959999998
I01-11023-1,0.0014869499999999997,128.47247999999996,186.192,0.002155,LAGUNA BEACH,1,Yes,LAGUNA BEACH,33.40107474,4.24010907,1.41624325,62.1901290799008,62.1901290799008,0.9233333333333333,318,18260.265700440472
I01-11023-1,0.0014869499999999997,128.47247999999996,186.192,0.002155,LAGUNA BEACH,1,Yes,ORANGE CO,66.59891828,4.24010907,2.823869268,124.00185792389762,124.00185792389762,0.9233333333333333,318,36409.42552361482
J01-9005-3,0.20960405999999998,18109.790783999997,72057.6,0.303774,LAGUNA NIGUEL,NA,Yes,LAGUNA HILLS,1.384801424,201.89063791,2.7957869,997.854670900224,997.854670900224,1,323,322307.05870077235
J01-9005-3,0.20960405999999998,18109.790783999997,72057.6,0.303774,LAGUNA NIGUEL,NA,Yes,LAGUNA NIGUEL,98.6151983,201.89063791,199.0950289,71059.7451302208,71059.7451302208,1,323,22952297.67706132
J01-9031-1,0.025644539999999997,2215.688256,3211.1423999999997,0.037166,LAKE FOREST,1,Unknown,LAKE FOREST,91.74566749,298.95942316,274.2825608,2946.0840289344055,2946.0840289344055,0.5,291,428655.226209956
J01-9066-2 (J01P03),0.06153213,5316.376031999999,8828.568000000001,0.089177,MISSION VIEJO,NA,Yes,LAKE FOREST,0.818376545,420.34930926,3.440043196,72.25092977137561,72.25092977137561,1,309,22325.537299355063
J01-9066-2 (J01P03),0.06153213,5316.376031999999,8828.568000000001,0.089177,MISSION VIEJO,NA,Yes,MISSION VIEJO,99.18162349,420.34930926,416.9096378,8756.317073318625,8756.317073318625,1,309,2705701.975655455
J01-9224-2 (J01P25),0.06698727,5787.7001279999995,1132.7039999999997,0.097083,LAGUNA NIGUEL,1,Yes,ALISO VIEJO,1.638278647,222.46726525,3.644636926,18.556847765714874,18.556847765714874,1,323,5993.861828325905
J01-9224-2 (J01P25),0.06698727,5787.7001279999995,1132.7039999999997,0.097083,LAGUNA NIGUEL,1,Yes,LAGUNA NIGUEL,98.36172091,222.46726525,218.822824,1114.1471472164062,1114.1471472164062,1,323,359869.5285508992
J03-9216-1 (J03P01),0.00889893,768.8675519999999,1114.3008,0.012897,LAGUNA NIGUEL,NA,Yes,LAGUNA NIGUEL,100,13.41168034,13.41169219,1114.3008,1114.3008,1,323,359919.1584
J03-9234-5,0.00929775,803.3256000000001,1164.24,0.013475000000000001,LAGUNA NIGUEL,NA,Yes,LAGUNA NIGUEL,100,131.49969178,131.499808,1164.24,1164.24,0.885,323,332803.8252
J03-9368-2 (J03TBN2),0.01691121,1461.1285439999997,275.83329599999996,0.024509,LAGUNA NIGUEL,NA,Yes,LAGUNA NIGUEL,100,34.23122305,34.23125331,275.83329599999996,275.83329599999996,1,323,89094.15460799998
J07-9022-1,7.686599999999999e-4,66.412224,45.963936000000004,0.001114,MISSION VIEJO,NA,Yes,MISSION VIEJO,100,82.52382766,82.52390061,45.963936000000004,45.963936000000004,0.75,309,10652.142168
K01-12036-5,0.03274809,2829.434976,4067.89776,0.047461,LAGUNA NIGUEL,NA,Yes,LAGUNA NIGUEL,100,28.07626103,28.07628585,4067.8977599999994,4067.8977599999994,0.77,323,1011726.8518895999
K01-12155-5,0.039590129999999994,3420.587232,4957.3728,0.057377,LAGUNA NIGUEL,NA,Unknown,LAGUNA NIGUEL,100,147.04555016,147.0456802,4957.3728,4957.3728,0.77,323,1232948.189088
K01-12156-6,0.29718851999999996,25677.088127999996,23607.935999999998,0.430708,LAGUNA NIGUEL,NA,Yes,LAGUNA NIGUEL,100,NA,NA,23607.935999999998,23607.935999999998,1,319,7530931.583999999
L01-125-3,0.02359869,2038.9268160000001,2954.9664,0.034201,RANCHO SANTA MARGARITA,NA,Yes,ORANGE CO,1.064651459,69.26665813,0.737449138,31.46009289055978,31.46009289055978,0.77,304,7364.178543822233
L01-125-3,0.02359869,2038.9268160000001,2954.9664,0.034201,RANCHO SANTA MARGARITA,NA,Yes,RANCHO SANTA MARGARITA,98.93535016,69.26665813,68.52927134,2923.506354950346,2923.506354950346,0.77,304,684334.367566777
L01-728-2,0.0011950799999999998,103.25491199999998,149.6448,0.001732,DANA POINT,NA,Yes,DANA POINT,100.000001,95.97299313,95.97307889,149.644801496448,149.644801496448,0.5,319,23868.345838683457
L01-728-3 (L01S02),0.30228486,26117.411903999993,1013.472,0.438094,DANA POINT,NA,Yes,DANA POINT,8.724176507,1014.01862168,88.46485258,88.41708612902303,88.41708612902303,0.5,319,14102.525237579173
L01-728-3 (L01S02),0.30228486,26117.411903999993,1013.472,0.438094,DANA POINT,NA,Yes,SAN CLEMENTE,0.203472958,1014.01862168,2.063255511,2.06214145690176,2.06214145690176,0.5,319,328.9115623758307
L01-728-3 (L01S02),0.30228486,26117.411903999993,1013.472,0.438094,DANA POINT,NA,Yes,SAN JUAN CAPISTRANO,91.07235047,1014.01862168,923.4914094,922.9927717553184,922.9927717553184,0.5,319,147217.3470949733
L01-749-2d,0.05640888,4873.727232,4769.28,0.081752,SAN JUAN CAPISTRANO,NA,Yes,SAN JUAN CAPISTRANO,100,NA,NA,4769.28,4769.28,0.77,313,1149444.1728
L01-760-2,0.04998222,4318.463808,2246.807808,0.072438,ORANGE CO,NA,Yes,ORANGE CO,100,32.57431395,32.57434275,2246.807808,2246.807808,0.77,304,525932.7716966401
L01-766-7,5.927099999999999e-4,51.210143999999985,7.809696000000001,8.59e-4,SAN JUAN CAPISTRANO,NA,Unknown,SAN JUAN CAPISTRANO,100,56.73310957,56.73315973,7.809696,7.809696,0,313,0
L02-198-1 (L02P29),0.005761499999999999,497.79359999999986,715.3919999999999,0.00835,RANCHO SANTA MARGARITA,NA,Yes,RANCHO SANTA MARGARITA,100,NA,NA,715.3919999999999,715.3919999999999,0.25,304,54369.791999999994
L02-374-1 (L02P50),0.13307133,11497.362912,11336.399711999999,0.192857,ORANGE CO,1,Yes,ORANGE CO,100,456.48197184000003,456.4823754,11336.399711999999,11336.399711999999,0.77,323,2819475.9723715195
L02-374-2 (MVL02P20),0.00595056,514.128384,596.16,0.008624,ORANGE CO,NA,Yes,MISSION VIEJO,100,84.33765496,84.33772952,596.16,596.16,0.77,323,148270.9536
L02-541-6,0.0014427899999999998,124.65705599999998,180.6624,0.002091,SAN JUAN CAPISTRANO,NA,Yes,SAN JUAN CAPISTRANO,100,17.62492719,17.62494277,180.6624,180.6624,1,313,56547.3312
L02-622-1 (L02P28),0.009833189999999999,849.5876159999998,1231.2864,0.014251,RANCHO SANTA MARGARITA,NA,Unknown,RANCHO SANTA MARGARITA,100,256.93195174,256.9321789,1231.2864,1231.2864,0.77,304,288219.520512
L02-641-1,0.03796587,3280.251168,2790.0288,0.055023,RANCHO SANTA MARGARITA,1,Yes,ORANGE CO,0.587888306,926.34500026,5.44587874,16.402253049232126,16.402253049232126,1,304,4986.284926966567
L02-641-1,0.03796587,3280.251168,2790.0288,0.055023,RANCHO SANTA MARGARITA,1,Yes,RANCHO SANTA MARGARITA,99.41211166,926.34500026,920.8999402,2773.6265460021577,2773.6265460021577,1,304,843182.469984656
L03-074-1 (L03B01),0.14138859,12215.974176000002,1251.9359999999997,0.204911,MISSION VIEJO,NA,Yes,MISSION VIEJO,100,303.10956645,303.1098344,1251.9359999999997,1251.9359999999997,1,304,380588.5439999999
L03-241-4,0.00668196,577.321344,1257.3610559999997,0.009684,MISSION VIEJO,NA,Yes,MISSION VIEJO,100,209.49721786,NA,1257.3610559999997,1257.3610559999997,1,309,388524.5663039999
L03-316-2,0.00902658,779.8965119999998,119.232,0.013082,MISSION VIEJO,NA,Yes,MISSION VIEJO,100,143.04145576,143.0415822,119.23200000000001,119.23200000000001,0.6666666666666666,309,24561.792
L03-316-4,0.01591416,1374.983424,0,0.023064,MISSION VIEJO,NA,Yes,MISSION VIEJO,100,44.10840687,NA,0,0,0.75,309,0
L03-418-2,0.005453759999999999,471.20486399999993,1033.324128,0.007904,LAGUNA NIGUEL,NA,Yes,LAGUNA NIGUEL,100,NA,NA,1033.324128,1033.324128,0.5,323,166881.84667199999
L03-662-3 (L03P16),0.10237805999999999,8845.464383999999,1669.248,0.148374,MISSION VIEJO,1,Yes,MISSION VIEJO,100,436.64832448,436.6487105,1669.2480000000003,1669.2480000000003,0.5,309,257898.81600000005
L04-266-5,0.32193399,27815.096736,12945.077856,0.466571,MISSION VIEJO,1,Yes,MISSION VIEJO,100,577.85257612,577.853087,12945.077856,12945.077856,1,309,4000029.057504
L05-489-3,0.55455645,47913.677279999996,91470.825936,0.803705,ORANGE CO,1,Yes,ORANGE CO,100,1832.47249969,1832.47412,91470.825936,91470.825936,1,323,29545076.777328
LC06-11509-2,0.010634969999999999,918.861408,628.710336,0.015413,LAGUNA BEACH,NA,Yes,LAGUNA BEACH,63.38208068,51.8633,32.87206771,398.4896924070191,398.4896924070191,0.5,318,63359.86109271604
LC06-11509-2,0.010634969999999999,918.861408,628.710336,0.015413,LAGUNA BEACH,NA,Yes,ORANGE CO,36.61792026,51.8633,18.99127863,230.22064950285807,230.22064950285807,0.5,318,36605.083270954434
M02-052-2,0.46280162999999996,39986.060831999996,21963.42864,0.670727,SAN CLEMENTE,NA,Yes,ORANGE CO,5.965513916,3106.39477221,185.3125762,1310.2313919499293,1310.2313919499293,1,313,410102.42568032787
M02-052-2,0.46280162999999996,39986.060831999996,21963.42864,0.670727,SAN CLEMENTE,NA,Yes,SAN CLEMENTE,94.0344861,3106.39477221,2921.084943,20653.197251564216,20653.197251564216,1,313,6464450.7397396
M02-052-4,0.03164133,2733.810912,357.69599999999997,0.045857,SAN CLEMENTE,NA,Yes,SAN CLEMENTE,100,118.71835525,118.7184602,357.69599999999997,357.69599999999997,1,313,111958.84799999998
M02-061-4 (SCBS@M02),0.00993324,858.2319359999999,423.094752,0.014396,SAN CLEMENTE,NA,Yes,SAN CLEMENTE,100,90.38163929,90.38171919,423.094752,423.094752,1,313,132428.65737600002
M02-061-6,0.00733815,634.01616,918.864,0.010635,SAN CLEMENTE,NA,Yes,SAN CLEMENTE,100,40.9633321,40.96336831,918.864,918.864,1,313,287604.43200000003
M02-061-7,0.345,29808,43200,0.5,SAN CLEMENTE,NA,Yes,SAN CLEMENTE,100,NA,NA,43200,43200,0,313,0
SC05-073-3,0.00209277,180.815328,262.0512,0.003033,SAN CLEMENTE,NA,Yes,SAN CLEMENTE,100,30.16696063,30.16698731,262.0512,262.0512,0.75,313,61516.519199999995
SC06-146-2 (M00P02),0.03903882,3372.9540479999996,4471.200000000001,0.056578,SAN CLEMENTE,NA,Yes,SAN CLEMENTE,99.99837363,325.80676057,325.8017498,4471.127281744561,4471.127281744561,1,313,1399462.8391860474
SC07-079-5,0.0024012,207.46368,858.4703999999999,0.00348,SAN CLEMENTE,NA,Yes,SAN CLEMENTE,100,29.94605554,29.94608202,858.4703999999999,858.4703999999999,0.75,313,201525.9264
SM01-086-2,0.0138,1192.32,1728,0.02,SAN CLEMENTE,NA,Unknown,SAN CLEMENTE,100,NA,NA,1728,1728,0.77,313,416465.28
L03-074-2,0.01398492,1208.297088,505.5436799999999,0.020268,MISSION VIEJO,NA,Yes,MISSION VIEJO,100,NA,NA,505.5436799999999,505.5436799999999,0.77,309,120284.00778239997
L03-172-2,0.00917079,792.3562559999999,649.3076639999999,0.013291,MISSION VIEJO,NA,Yes,MISSION VIEJO,100,46.50852925,46.50857036,649.3076639999999,649.3076639999999,0.77,304,151989.93798912
L04-301-1 (L04P08),0.024127919999999997,2084.652288,3021.2352,0.034968,MISSION VIEJO,NA,Yes,MISSION VIEJO,100,191.83607914,191.8362487,3021.2352,3021.2352,0.77,309,718842.491136
M02-086-1,2.5599e-4,22.117535999999998,0,3.71e-4,SAN CLEMENTE,NA,Unknown,SAN CLEMENTE,100,50.74833146,50.74837632,0,0,0.385,313,0
SC11-130-2,0.00958065,827.7681599999999,1199.664,0.013885,DANA POINT,NA,Unknown,DANA POINT,100,NA,NA,1199.664,1199.664,0.635,313,238439.21831999999
DP01-12022-2,NA,NA,0,0,DANA POINT,NA,Unknown,DANA POINT,100,NA,NA,0,0,0,319,0
DP06-12106-1,NA,NA,5365.44,0.227,DANA POINT,NA,Yes,DANA POINT,100,66.54528569,66.54534452,5365.44,5365.44,0.25,319,427893.83999999997
I00-11453-1,NA,NA,0,0.013896,LAGUNA BEACH,NA,Unknown,LAGUNA BEACH,100,342.08954194,342.0898444,0,0,0,318,0
I00-11468-1,NA,NA,729.193104,0.039855,LAGUNA BEACH,1,Yes,LAGUNA BEACH,91.76756832,223.33679991,204.9509316,669.1627798979285,669.1627798979285,1,318,212793.76400754126
I00-11468-1,NA,NA,729.193104,0.039855,LAGUNA BEACH,1,Yes,ORANGE CO,8.232432026,223.33679991,18.3860665,60.03032662507948,60.03032662507948,1,318,19089.643866775274
I00-11518-1,NA,NA,0,0.079534,LAGUNA BEACH,NA,Unknown,LAGUNA BEACH,96.690419790000007,645.16066542,623.8091072,0,0,0,318,0
I00-11518-1,NA,NA,0,0.079534,LAGUNA BEACH,NA,Unknown,ORANGE CO,3.309580209,645.16066542,21.35212857,0,0,0,318,0
I01-11010-1,NA,NA,638.099856,0.03819,LAGUNA BEACH,1,Yes,LAGUNA BEACH,100,12.1490758,12.14908654,638.099856,638.099856,1,318,202915.75420800003
I01-11015-2,NA,NA,0,0,LAGUNA BEACH,NA,Unknown,LAGUNA BEACH,9.814813201,245.37795985,24.08340969,0,0,0,318,0
I01-11015-2,NA,NA,0,0,LAGUNA BEACH,NA,Unknown,ORANGE CO,90.18518695,245.37795985,221.2947674,0,0,0,318,0
I01-11015-3,NA,NA,0,0,LAGUNA BEACH,NA,Unknown,LAGUNA BEACH,100,NA,NA,0,0,0,318,0
I01-11023-2,NA,NA,0,2.04e-4,LAGUNA BEACH,NA,Unknown,LAGUNA BEACH,100,16.81555601,16.81557088,0,0,0,318,0
I01-11023-3,NA,NA,0,0,LAGUNA BEACH,NA,Unknown,LAGUNA BEACH,2.021964214,36.18156164,0.731578875,0,0,0,318,0
I01-11023-3,NA,NA,0,0,LAGUNA BEACH,NA,Unknown,ORANGE CO,97.97803498,36.18156164,35.45001446,0,0,0,318,0
I01-11023-4,NA,NA,0,0,LAGUNA BEACH,NA,Unknown,LAGUNA BEACH,99.99999471,6.44034236,6.44034771,0,0,0,318,0
I01-11023-5,NA,NA,0,0,LAGUNA BEACH,NA,Unknown,LAGUNA BEACH,8.451122386,12.44670623,1.051887306,0,0,0,318,0
I01-11023-5,NA,NA,0,0,LAGUNA BEACH,NA,Unknown,ORANGE CO,91.54887409,12.44670623,11.39482948,0,0,0,318,0
I01-11059-1,NA,NA,0,0,LAGUNA BEACH,NA,Unknown,LAGUNA BEACH,99.99999976,282.44365092,282.4438999,0,0,0,318,0
I01-11059-2,NA,NA,0,0,LAGUNA BEACH,NA,Unknown,LAGUNA BEACH,100,9.28778099,9.287789205,0,0,0,318,0
I01-11059-3,NA,NA,0,0,LAGUNA BEACH,NA,Unknown,LAGUNA BEACH,100,NA,NA,0,0,0,318,0
I01-11065-1,NA,NA,0,0,LAGUNA BEACH,NA,Unknown,LAGUNA BEACH,100,NA,NA,0,0,0,318,0
I01-11077-1,NA,NA,0,0,LAGUNA BEACH,NA,Unknown,LAGUNA BEACH,92.37171423,118.05411389,109.0487051,0,0,0,318,0
I01-11077-1,NA,NA,0,0,LAGUNA BEACH,NA,Unknown,ORANGE CO,7.628285715,118.05411389,9.005513067,0,0,0,318,0
I01-11077-2,NA,NA,0,0,LAGUNA BEACH,NA,Unknown,LAGUNA BEACH,100,NA,NA,0,0,0,318,0
I01-11093-1,NA,NA,0,0,LAGUNA BEACH,NA,Unknown,LAGUNA BEACH,15.10734659,87.63278849,13.23900078,0,0,0,318,0
I01-11093-1,NA,NA,0,0,LAGUNA BEACH,NA,Unknown,ORANGE CO,84.89265355,87.63278849,74.3938653,0,0,0,318,0
I01-11093-2,NA,NA,0,0,LAGUNA BEACH,NA,Unknown,LAGUNA BEACH,1.070402039,296.78090067,3.176751622,0,0,0,318,0
I01-11093-2,NA,NA,0,0,LAGUNA BEACH,NA,Unknown,ORANGE CO,98.92959796,296.78090067,293.6044114,0,0,0,318,0
I01-11217-1,NA,NA,0,0.001777,ALISO VIEJO,NA,Unknown,ALISO VIEJO,100,35.66443538,35.66446691,0,0,0,309,0
I01-11343-2 (I02P18),NA,NA,113.09155199999998,0.007519,LAGUNA WOODS,1,Yes,LAGUNA WOODS,98.79491313,46.81104081,46.24696799,111.72870055576875,111.72870055576875,0.77,309,26583.60972323406
J01-10004-1 (J01P01),NA,NA,6825.454632,0.31136,LAKE FOREST,1,Yes,LAKE FOREST,97.22901103,479.88775953,466.5905351,6636.322036994925,6636.322036994925,1,309,2050623.5094314318
J01-10017-1 (J01TBN4),NA,NA,192.646134,0.015398,ALISO VIEJO,NA,Yes,ALISO VIEJO,100,17.42256719,17.42258259,192.646134,192.646134,0.5,323,31112.350640999997
J01-10019-1 (J01P33),NA,NA,899.0705700000001,0.007265,ALISO VIEJO,NA,Yes,ALISO VIEJO,100,72.93906351,72.93912799,899.0705700000002,899.0705700000002,0.885,323,257003.81778735007
J01-9005-1 (J03P05),NA,NA,3320.135892,0.033498,LAGUNA NIGUEL,NA,Yes,LAGUNA NIGUEL,100,127.79044152,127.7905545,3320.135892,3320.135892,1,323,1072403.8931159999
J01-9007-1 (J02P05),NA,NA,2773.4399999999996,0.11084,ALISO VIEJO,1,Yes,ALISO VIEJO,98.19424307,145.61257767,142.9832949,2723.3584150006077,2723.3584150006077,0.77,323,677326.4713948012
J01-9007-1 (J02P05),NA,NA,2773.4399999999996,0.11084,ALISO VIEJO,1,Yes,ORANGE CO,1.805757306,145.61257767,2.629412085,50.08159542752639,50.08159542752639,0.77,323,12455.793598780088
J01-9008-1 (J01P30),NA,NA,3073.243356,0.0542,ALISO VIEJO,NA,Yes,ALISO VIEJO,100,211.57209037,211.5722774,3073.243356,3073.243356,1,323,992657.603988
J01-9040-1,NA,NA,40215.314159999994,0.449715,LAKE FOREST,NA,Yes,LAKE FOREST,99.97855453,146.1265793,146.0953709,40206.689796866405,40206.689796866405,0.8,291,9360117.3847105
J01-9040-1,NA,NA,40215.314159999994,0.449715,LAKE FOREST,NA,Yes,ORANGE CO,0.021445596,146.1265793,0.031337744,8.624413804884393,8.624413804884393,0.8,291,2007.7635337770866
J01-9046-1,NA,NA,208.6128,0.00512,LAKE FOREST,NA,Unknown,LAKE FOREST,100,65.72077069,65.72082879,208.6128,208.6128,0.6666666666666666,309,42974.2368
J01-9046-2,NA,NA,319.613364,0.107098,LAKE FOREST,NA,Unknown,LAKE FOREST,99.38641043,46.36377902,46.07933644,317.65224973416986,317.65224973416986,1,309,98154.54516785848
J01-9046-2,NA,NA,319.613364,0.107098,LAKE FOREST,NA,Unknown,MISSION VIEJO,0.613590663,46.36377902,0.284484071,1.961117759204203,1.961117759204203,1,309,605.9853875940987
J01-9066-1 (J01P04),NA,NA,136.975968,0.014702,MISSION VIEJO,NA,Yes,LAKE FOREST,2.845060742,82.12170635,2.336414493,3.897049491542482,3.897049491542482,1,309,1204.1882928866269
J01-9066-1 (J01P04),NA,NA,136.975968,0.014702,MISSION VIEJO,NA,Yes,MISSION VIEJO,97.15493782,82.12170635,79.78536327,133.0789165387431,133.0789165387431,1,309,41121.38521047162
J01-9082-2,NA,NA,3159.7872119999997,0.143136,ALISO VIEJO,1,Yes,ALISO VIEJO,97.84740395,124.66076066,121.9774259,3091.7697572860825,3091.7697572860825,1,323,998641.6316034046
J01-9082-2,NA,NA,3159.7872119999997,0.143136,ALISO VIEJO,1,Yes,ORANGE CO,2.152595119,124.66076066,2.683443822,68.01742529629817,68.01742529629817,1,323,21969.628370704308
J01-9082-3,NA,NA,43.199999999999996,0.005369,ALISO VIEJO,NA,Unknown,ALISO VIEJO,97.84740395,124.66076066,121.9774259,42.2700785064,42.2700785064,0,323,0
J01-9082-3,NA,NA,43.199999999999996,0.005369,ALISO VIEJO,NA,Unknown,ORANGE CO,2.152595119,124.66076066,2.683443822,0.9299210914079998,0.9299210914079998,0,323,0
J01-9082-4,NA,NA,988.2863999999998,0.020881,ALISO VIEJO,NA,Yes,ALISO VIEJO,97.84740395,124.66076066,121.9774259,967.0125859909126,967.0125859909126,1,323,312345.0652750648
J01-9082-4,NA,NA,988.2863999999998,0.020881,ALISO VIEJO,NA,Yes,ORANGE CO,2.152595119,124.66076066,2.683443822,21.273804808140813,21.273804808140813,1,323,6871.438953029483
J01-9131-1 (J01P28),NA,NA,1098.5759999999998,0.068157,ALISO VIEJO,1,Unknown,ALISO VIEJO,100,286.38606854,286.3863217,1098.5759999999998,1098.5759999999998,0.6666666666666666,323,236560.03199999995
J01-9144-1 (J01P23),NA,NA,225.57582,0.018688,LAGUNA NIGUEL,NA,Yes,ALISO VIEJO,100,175.4581519,175.458307,225.57582,225.57582,1,323,72860.98986
J01-9224-1 (J01P24),NA,NA,528.1543439999999,0.024552,LAGUNA NIGUEL,1,Yes,ALISO VIEJO,1.638278647,222.46726525,3.644636926,8.652639840954924,8.652639840954924,0.9425,323,2634.1015151823053
J01-9224-1 (J01P24),NA,NA,528.1543439999999,0.024552,LAGUNA NIGUEL,1,Yes,LAGUNA NIGUEL,98.36172091,222.46726525,218.822824,519.5017018193213,519.5017018193213,0.9425,323,158150.60433060143
J01-9259-3,NA,NA,798.6159360000001,0.00601,LAKE FOREST,NA,Yes,LAKE FOREST,99.99231896,140.75505759,140.7443706,798.5545939905096,798.5545939905096,0,309,0
J01-9275-2,NA,NA,0,0,LAKE FOREST,NA,Unknown,LAKE FOREST,95.02628824,42.7322098,40.60686876,0,0,0,309,0
J01-9275-2,NA,NA,0,0,LAKE FOREST,NA,Unknown,MISSION VIEJO,4.973711762,42.7322098,2.1253788240000002,0,0,0,309,0
J01-9349-1,NA,NA,0,0.00615,LAKE FOREST,1,Unknown,LAKE FOREST,99.85177608,69.7067491,69.60348856,0,0,0.6666666666666666,309,0
J01-9349-1,NA,NA,0,0.00615,LAKE FOREST,1,Unknown,MISSION VIEJO,0.14822366,69.7067491,0.103321986,0,0,0.6666666666666666,309,0
J01-9364-4,NA,NA,0,0,ORANGE CO,NA,Unknown,ALISO VIEJO,98.79141639,42.33257611,41.82098851,0,0,0,323,0
J01-9364-4,NA,NA,0,0,ORANGE CO,NA,Unknown,ORANGE CO,1.208582942,42.33257611,0.511624746,0,0,0,323,0
J01-9377-1,NA,NA,317.304,0.001959,LAKE FOREST,1,Unknown,LAKE FOREST,98.07444602,34.4468196,33.78355736,311.19414019930076,311.19414019930076,0.6666666666666666,309,64105.99288105596
J01-9377-1,NA,NA,317.304,0.001959,LAKE FOREST,1,Unknown,MISSION VIEJO,1.925552671,34.4468196,0.663292241,6.109855647189839,6.109855647189839,0.6666666666666666,309,1258.630263321107
J01-9377-2 (J01TBN8),NA,NA,0,4.2e-5,LAKE FOREST,NA,Unknown,LAKE FOREST,67.39420978,98.41839547,66.32835854,0,0,0,309,0
J01-9377-2 (J01TBN8),NA,NA,0,4.2e-5,LAKE FOREST,NA,Unknown,MISSION VIEJO,32.60579025,98.41839547,32.09012396,0,0,0,309,0
J01-9782-1 (J01TBN3),NA,NA,288.24336,0.00112,LAKE FOREST,NA,Unknown,LAKE FOREST,45.38061266,30.80686795,13.98035778,130.80660271976936,130.80660271976936,1,309,40419.24024040873
J01-9782-1 (J01TBN3),NA,NA,288.24336,0.00112,LAKE FOREST,NA,Unknown,MISSION VIEJO,54.6193895,30.80686795,16.82653807,157.43676350628718,157.43676350628718,1,309,48647.95992344274
J01-9785-1,NA,NA,273.220128,0.005998,LAKE FOREST,NA,Yes,LAKE FOREST,100,21.25657462,21.25659341,273.220128,273.220128,1,309,84425.019552
J01-9992-1 (J01P27),NA,NA,1341.9455759999998,0.171031,ALISO VIEJO,1,Yes,ALISO VIEJO,99.70754793,553.84107572999994,552.2218442,1338.0210283847146,1338.0210283847146,1,323,432180.7921682628
J01-9992-1 (J01P27),NA,NA,1341.9455759999998,0.171031,ALISO VIEJO,1,Yes,ORANGE CO,0.292452005,553.84107572999994,1.619720764,3.9245467430207985,3.9245467430207985,1,323,1267.6285979957179
J03-9215-3,NA,NA,3398.951808,0.037748,LAGUNA NIGUEL,NA,Yes,LAGUNA NIGUEL,100,155.28755892,155.2876962,3398.951808,3398.951808,1,323,1097861.433984
J03-9216-2,NA,NA,99407.89151999999,1.41452,LAGUNA NIGUEL,NA,Yes,LAGUNA NIGUEL,99.85072453,1123.28596907,1121.61017,99259.49992271641,99259.49992271641,0.5,323,16030409.2375187
J03-9216-2,NA,NA,99407.89151999999,1.41452,LAGUNA NIGUEL,NA,Yes,SAN JUAN CAPISTRANO,0.149275428,1123.28596907,1.676791419,148.39155553225567,148.39155553225567,0.5,323,23965.23621845929
J03-9221-1 (J03P02),NA,NA,9503.068607999998,0.215297,LAGUNA NIGUEL,1,Yes,LAGUNA NIGUEL,100,565.70937288,565.709873,9503.068607999998,9503.068607999998,0.77,323,2363508.1934956796
J03-9234-6,NA,NA,3895.115039999999,1.290672,LAGUNA NIGUEL,NA,Yes,LAGUNA NIGUEL,99.27752823,232.09078171,230.414195,3866.9739334269752,3866.9739334269752,0.5,323,624516.2902484565
J03-9234-6,NA,NA,3895.115039999999,1.290672,LAGUNA NIGUEL,NA,Yes,SAN JUAN CAPISTRANO,0.722471579,232.09078171,1.676791419,28.141099133354476,28.141099133354476,0.5,323,4544.787510036748
J03-9234-8,NA,NA,44609.22201600001,0.301604,LAGUNA NIGUEL,NA,Yes,LAGUNA NIGUEL,100,NA,NA,44609.222016,44609.222016,0.5,323,7204389.355584
J03-9368-1 (J03TBN1),NA,NA,4479.146315999999,0.004992,LAGUNA NIGUEL,NA,Yes,LAGUNA NIGUEL,98.70823565,92.34354303,91.15076265,4421.286300705574,4421.286300705574,1,323,1428075.4751279005
J03-9368-1 (J03TBN1),NA,NA,4479.146315999999,0.004992,LAGUNA NIGUEL,NA,Yes,SAN JUAN CAPISTRANO,1.291764465,92.34354303,1.192862129,57.8600204454446,57.8600204454446,1,323,18688.786603878605
J05-9800-2,NA,NA,0,0,LAGUNA HILLS,NA,Unknown,LAGUNA HILLS,100.0000004,25.47292658,25.47294919,0,0,0,309,0
J06-10011-1 (J06P01),NA,NA,10588.7736,0.600261,ALISO VIEJO,1,Yes,ALISO VIEJO,14.86516439,935.90125176,139.1233826,1574.038602524921,1574.038602524921,1,309,486377.92818020063
J06-10011-1 (J06P01),NA,NA,10588.7736,0.600261,ALISO VIEJO,1,Yes,LAGUNA HILLS,20.85002958,935.90125176,195.1358603,2207.7624277592313,2207.7624277592313,1,309,682198.5901776025
J06-10011-1 (J06P01),NA,NA,10588.7736,0.600261,ALISO VIEJO,1,Yes,LAGUNA WOODS,38.1624725,935.90125176,357.1633736,4040.93781318726,4040.93781318726,1,309,1248649.7842748633
J06-10011-1 (J06P01),NA,NA,10588.7736,0.600261,ALISO VIEJO,1,Yes,LAKE FOREST,22.96186189,935.90125176,214.9005429,2431.3795698767813,2431.3795698767813,1,309,751296.2870919254
J06-9079-1 (J06P03),NA,NA,2480.310288,0.099511,ALISO VIEJO,1,Yes,ALISO VIEJO,98.05519597,365.7871229,358.6735973,2432.0731135624715,2432.0731135624715,1,309,751510.5920908037
J07-9022-6,NA,NA,36.186912,0.001776,MISSION VIEJO,NA,Yes,MISSION VIEJO,100,NA,NA,36.186912,36.186912,0.5,309,5590.877904
J07-9109-4 (J07P02),NA,NA,620.5849559999999,0.215661,MISSION VIEJO,NA,Yes,LAKE FOREST,1.275132081,394.92574829,5.035829366,7.9132778638157335,7.9132778638157335,0.5,309,1222.6014299595308
J07-9109-4 (J07P02),NA,NA,620.5849559999999,0.215661,MISSION VIEJO,NA,Yes,MISSION VIEJO,98.72486798,394.92574829,389.8902683,612.671678514741,612.671678514741,0.5,309,94657.77433052748
J07-9110-1,NA,NA,59.616,0.004715,MISSION VIEJO,NA,Yes,LAKE FOREST,0.19588078,102.11849185,0.200030675,0.1167762858048,0.1167762858048,0.5,309,18.0419361568416
J07-9110-1,NA,NA,59.616,0.004715,MISSION VIEJO,NA,Yes,MISSION VIEJO,99.80411911,102.11849185,101.9185513,59.4992236486176,59.4992236486176,0.5,309,9192.63005371142
J07-9110-2,NA,NA,79.9011,0.003966,MISSION VIEJO,NA,Yes,MISSION VIEJO,100,133.39088631,133.3910042,79.9011,79.9011,1,309,24689.4399
J07-9110-3,NA,NA,29.808,0.010104,MISSION VIEJO,NA,Unknown,MISSION VIEJO,100,61.67998508,61.68003961,29.808000000000003,29.808000000000003,0.5,309,4605.336
K01-12032-2 (K01P11),NA,NA,1438.1763839999999,0.061363,LAGUNA NIGUEL,NA,Yes,LAGUNA NIGUEL,100,126.84724993,126.8473621,1438.1763839999999,1438.1763839999999,0.5,323,232265.48601599998
K01-12036-1,NA,NA,547.364304,0.021221,LAGUNA NIGUEL,NA,Yes,LAGUNA NIGUEL,100,137.80531846,137.8054403,547.364304,547.364304,0.77,323,136134.97604784
K01-12036-10,NA,NA,29.808,0.005224,LAGUNA NIGUEL,NA,Unknown,LAGUNA NIGUEL,100,185.37165068,185.3718146,29.808000000000003,29.808000000000003,0.385,323,3706.7738400000007
K01-12058-1 (K01P08),NA,NA,953.856,0.205335,LAGUNA NIGUEL,NA,Yes,LAGUNA NIGUEL,97.77433651,329.52135056,322.187599,932.6263752608256,932.6263752608256,1,323,301238.31920924666
K01-12058-1 (K01P08),NA,NA,953.856,0.205335,LAGUNA NIGUEL,NA,Yes,SAN JUAN CAPISTRANO,2.225663378,329.52135056,7.334042507,21.22962367085568,21.22962367085568,1,323,6857.168445686385
K01-12058-2 (K01P09),NA,NA,2682.72,0.130128,LAGUNA NIGUEL,NA,Yes,LAGUNA NIGUEL,97.02723437,303.05249515,294.0437147,2602.969021890864,2602.969021890864,1,323,840758.994070749
K01-12058-2 (K01P09),NA,NA,2682.72,0.130128,LAGUNA NIGUEL,NA,Yes,SAN JUAN CAPISTRANO,2.9727657,303.05249515,9.009048593,79.75097998704,79.75097998704,1,323,25759.56653581392
K01-12062-1,NA,NA,7321.262112,0.122807,LAGUNA NIGUEL,NA,Yes,LAGUNA NIGUEL,96.51947141,258.84115572,249.8323362,7066.443491043003,7066.443491043003,1,323,2282461.24760689
K01-12062-1,NA,NA,7321.262112,0.122807,LAGUNA NIGUEL,NA,Yes,SAN JUAN CAPISTRANO,3.480528667,258.84115572,9.009048593,254.81862659436968,254.81862659436968,1,323,82306.4163899814
K01-12126-1 (K01S01),NA,NA,27708.32448,0.477926,DANA POINT,1,Yes,DANA POINT,27.17243026,885.25252888,240.5448387,7529.025145542508,7529.025145542508,1,319,2401759.02142806
K01-12126-1 (K01S01),NA,NA,27708.32448,0.477926,DANA POINT,1,Yes,LAGUNA NIGUEL,72.82756974,885.25252888,644.7084728,20179.29933445749,20179.29933445749,1,319,6437196.487691939
K01-12138-1 (K01TBN1),NA,NA,268.272,0.0344,LAGUNA NIGUEL,NA,Yes,LAGUNA NIGUEL,100,90.83218137,90.83226167,268.272,268.272,0.77,323,66721.92912
K01-12155-1,NA,NA,0,4.4e-4,LAGUNA NIGUEL,NA,Unknown,LAGUNA NIGUEL,100,63.75808645,63.75814281,0,0,0.385,319,0
K01-12159-2,NA,NA,5246.207999999999,0.154127,DANA POINT,1,Yes,DANA POINT,100,NA,NA,5246.207999999998,5246.207999999998,1,319,1673540.3519999993
K01-12159-3,NA,NA,417.312,0.021493,DANA POINT,1,Yes,DANA POINT,100,NA,NA,417.31200000000007,417.31200000000007,1,319,133122.52800000002
K01-12177-1 (K01P07),NA,NA,4419.036,0.246265,LAGUNA NIGUEL,1,Yes,LAGUNA NIGUEL,100,512.43104875,512.4315018,4419.036,4419.036,0.77,323,1099058.44356
L01-218-4,NA,NA,1475.4959999999999,0.02282,RANCHO SANTA MARGARITA,NA,Yes,RANCHO SANTA MARGARITA,100,37.33151421,37.33154721,1475.4959999999999,1475.4959999999999,0.5,304,224275.392
L01-223-1 (L08TBN1),NA,NA,24.830063999999993,0.049092,RANCHO SANTA MARGARITA,NA,Yes,ORANGE CO,4.285274231,136.87916674,5.865652846,1.0640363341328074,1.0640363341328074,0.77,304,249.06962509380756
L01-223-1 (L08TBN1),NA,NA,24.830063999999993,0.049092,RANCHO SANTA MARGARITA,NA,Yes,RANCHO SANTA MARGARITA,95.71472594,136.87916674,131.0136351,23.766027708326593,23.766027708326593,0.77,304,5563.151765965089
L01-303-4,NA,NA,1102.8959999999997,0.020775,ORANGE CO,NA,Yes,ORANGE CO,100,NA,NA,1102.8959999999997,1102.8959999999997,1,304,335280.3839999999
L01-335-1,NA,NA,192.686364,0.01107,ORANGE CO,NA,Yes,ORANGE CO,79.80262992,442.4725473,353.1050416,153.7687859692241,153.7687859692241,1,304,46745.71093464413
L01-335-1,NA,NA,192.686364,0.01107,ORANGE CO,NA,Yes,RANCHO SANTA MARGARITA,20.19737008,442.4725473,89.36789689,38.91757803077589,38.91757803077589,1,304,11830.943721355872
L01-340-1,NA,NA,462.50837999999993,0.052773,ORANGE CO,1,Yes,ORANGE CO,98.78639742,169.47171779,167.4151527,456.8953663676037,456.8953663676037,0.77,304,106950.06735932868
L01-340-1,NA,NA,462.50837999999993,0.052773,ORANGE CO,1,Yes,RANCHO SANTA MARGARITA,1.213602575,169.47171779,2.05671495,5.613013609270784,5.613013609270784,0.77,304,1313.8942256581051
L01-391-3,NA,NA,1242.0099359999997,0.012479,ORANGE CO,NA,Yes,ORANGE CO,100,85.50832944,85.50840504,1242.0099359999997,1242.0099359999997,1,304,377571.0205439999
L01-404-1,NA,NA,3268.3577759999994,0.08469,ORANGE CO,1,Yes,ORANGE CO,100,237.79044171,237.7906519,3268.357775999999,3268.357775999999,0.77,304,765057.1882060798
L01-404-2,NA,NA,1251.936,0.06365,ORANGE CO,NA,Yes,ORANGE CO,100,NA,NA,1251.936,1251.936,0.77,304,293053.17888
L01-414-2,NA,NA,0,0,ORANGE CO,NA,Unknown,ORANGE CO,100,6.92037064,6.920376761,0,0,0,304,0
L01-414-3,NA,NA,894.2399999999998,0.232035,ORANGE CO,NA,Yes,ORANGE CO,100.0000001,86.8482772,86.84835409,894.2400008942398,894.2400008942398,0.385,304,104661.84970466183
L01-458-1,NA,NA,0,6.75e-4,ORANGE CO,NA,Unknown,ORANGE CO,100,600.45529611,600.4558269,0,0,0,313,0
L01-471-1,NA,NA,0,0.001375,ORANGE CO,NA,Unknown,ORANGE CO,100,319.331511,319.3317933,0,0,0,313,0
L01-494-1,NA,NA,5350.535999999999,0.095255,ORANGE CO,NA,Yes,ORANGE CO,100,298.6999359,298.7002,5350.535999999998,5350.535999999998,0.385,313,644766.3406799998
L01-514-1,NA,NA,286.1568,0.019417,ORANGE CO,NA,Yes,ORANGE CO,100,267.40709935,267.4073357,286.1568,286.1568,0.77,313,68966.650368
L01-517-6,NA,NA,1102.8959999999997,0.02934,ORANGE CO,NA,Yes,ORANGE CO,100,13.85397146,13.85398371,1102.8959999999997,1102.8959999999997,0.77,313,265808.96495999995
L01-517-7,NA,NA,0,0.001777,ORANGE CO,NA,Unknown,ORANGE CO,100,141.90900182,141.9091273,0,0,0,313,0
L01-556-1,NA,NA,685.2263039999999,0.004752,SAN JUAN CAPISTRANO,NA,Yes,SAN JUAN CAPISTRANO,100,96.73680063,96.73688615,685.2263039999999,685.2263039999999,0.77,313,165146.39152704
L01-601-1,NA,NA,0,0,SAN JUAN CAPISTRANO,NA,Unknown,SAN JUAN CAPISTRANO,100,10.8002002,10.80020974,0,0,0,319,0
L01-618-4,NA,NA,0,0,SAN JUAN CAPISTRANO,NA,Unknown,SAN JUAN CAPISTRANO,100,108.67944992,108.679546,0,0,0,313,0
L01-618-5 (L01S09),NA,NA,244.48521599999998,0.018739,SAN JUAN CAPISTRANO,NA,Yes,SAN JUAN CAPISTRANO,100,393.00595298,393.0063004,244.48521599999995,244.48521599999995,0.5,313,38261.936303999995
L01-724-1 (L01S01),NA,NA,4233.928319999999,0.083773,SAN JUAN CAPISTRANO,1,Yes,DANA POINT,36.30009378,283.40904032,102.8778384,1536.9199507379778,1536.9199507379778,0.5,319,245138.73214270748
L01-724-1 (L01S01),NA,NA,4233.928319999999,0.083773,SAN JUAN CAPISTRANO,1,Yes,LAGUNA NIGUEL,25.77911591,283.40904032,73.0604096,1091.4692891591155,1091.4692891591155,0.5,319,174089.35162087894
L01-724-1 (L01S01),NA,NA,4233.928319999999,0.083773,SAN JUAN CAPISTRANO,1,Yes,SAN JUAN CAPISTRANO,37.92078556,283.40904032,107.4710295,1605.5388789913102,1605.5388789913102,0.5,319,256083.45119911397
L01-724-4 (L01P03),NA,NA,5156.0388,0.124156,SAN JUAN CAPISTRANO,1,Yes,LAGUNA NIGUEL,29.00896475,349.72191376,101.4507964,1495.7134779883231,1495.7134779883231,1,313,468158.31861034513
L01-724-4 (L01P03),NA,NA,5156.0388,0.124156,SAN JUAN CAPISTRANO,1,Yes,SAN JUAN CAPISTRANO,70.99103534,349.72191376,248.2714269,3660.325326652112,3660.325326652112,1,313,1145681.827242111
L01-726-3,NA,NA,0,0,DANA POINT,NA,Unknown,SAN JUAN CAPISTRANO,100,11.88573163,11.88574213,0,0,0,319,0
L01-726-5,NA,NA,372.5999999999999,0.01097,DANA POINT,1,Yes,DANA POINT,93.73312978,68.90709888,64.58883753,349.24964156027994,349.24964156027994,1,319,111410.6356577293
L01-726-5,NA,NA,372.5999999999999,0.01097,DANA POINT,1,Yes,SAN JUAN CAPISTRANO,6.26686923,68.90709888,4.318321595,23.350354750979996,23.350354750979996,1,319,7448.763165562618
L01-726-6,NA,NA,0,0,DANA POINT,NA,Unknown,DANA POINT,90.70659762,6.21310567,5.635701739,0,0,0,319,0
L01-726-6,NA,NA,0,0,DANA POINT,NA,Unknown,SAN JUAN CAPISTRANO,9.293403178,6.21310567,0.57740947,0,0,0,319,0
L01-726-7,NA,NA,0,0,DANA POINT,NA,Unknown,SAN JUAN CAPISTRANO,100,5.74416805,5.744173127,0,0,0,319,0
L01-726-8,NA,NA,343.92470399999996,4.8e-4,SAN JUAN CAPISTRANO,NA,Unknown,SAN JUAN CAPISTRANO,100,32.32890123,32.32892981,343.92470399999996,343.92470399999996,0.25,319,27427.995143999997
L01-726-9,NA,NA,0,0,SAN JUAN CAPISTRANO,NA,Unknown,SAN JUAN CAPISTRANO,100,89.27240799,89.27248691,0,0,0,319,0
L01-727-1 (L01S04),NA,NA,0,0.065621,DANA POINT,NA,Unknown,DANA POINT,92.73717517,458.4026999,425.1100906,0,0,0,319,0
L01-727-1 (L01S04),NA,NA,0,0.065621,DANA POINT,NA,Unknown,LAGUNA NIGUEL,7.26282481,458.4026999,33.29301445,0,0,0,319,0
L01-727-2,NA,NA,0,0,DANA POINT,NA,Unknown,DANA POINT,100,0.72723724,0.727237887,0,0,0,319,0
L01-728-4,NA,NA,625.968,0.007,DANA POINT,NA,Unknown,DANA POINT,100,79.2189438,NA,625.968,625.968,0.385,319,76878.25992
L01-728-5 (L01-DP),NA,NA,476.928,0.012099,DANA POINT,1,Yes,DANA POINT,100,24.72372499,24.72374684,476.92800000000005,476.92800000000005,0,319,0
L01-728-6,NA,NA,0,0,DANA POINT,NA,Unknown,DANA POINT,100,4.46590424,4.465908189,0,0,0,319,0
L01-728-7 (L01S03),NA,NA,1395.0144,0.153355,DANA POINT,NA,Yes,DANA POINT,5.459020382,185.67562068,10.13607894,76.15412042783501,76.15412042783501,0,319,0
L01-728-7 (L01S03),NA,NA,1395.0144,0.153355,DANA POINT,NA,Yes,SAN JUAN CAPISTRANO,94.5409795,185.67562068,175.5397057,1318.8602779260482,1318.8602779260482,0,319,0
L01-728-8d,NA,NA,0,0,DANA POINT,NA,Unknown,DANA POINT,100,NA,NA,0,0,0,319,0
L01-728-9,NA,NA,0,0,DANA POINT,NA,Unknown,DANA POINT,100,NA,NA,0,0,0,319,0
L01-730-1,NA,NA,357.69599999999997,0.023405,RANCHO SANTA MARGARITA,NA,Yes,ORANGE CO,12.81955962,32.58238943,4.17692253,45.85505197835519,45.85505197835519,1,304,13939.935801419979
L01-730-1,NA,NA,357.69599999999997,0.023405,RANCHO SANTA MARGARITA,NA,Yes,RANCHO SANTA MARGARITA,87.18044032,32.58238943,28.40549569,311.8409478070272,311.8409478070272,1,304,94799.64813333626
L01-731-1 (L08TBN2),NA,NA,52672.34563199999,0.356639,RANCHO SANTA MARGARITA,1,Yes,ORANGE CO,5.866443295,1093.30467632,64.13815558,3089.9932886476886,3089.9932886476886,0.77,304,723305.629006651
L01-731-1 (L08TBN2),NA,NA,52672.34563199999,0.356639,RANCHO SANTA MARGARITA,1,Yes,RANCHO SANTA MARGARITA,94.13355663,1093.30467632,1029.167486,49582.35230384804,49582.35230384804,0.77,304,11606237.02728475
L01-733-4,NA,NA,0,0,ORANGE CO,NA,Unknown,ORANGE CO,100,50.68731652,50.68736133,0,0,0,304,0
L01-733-5,NA,NA,0,0,ORANGE CO,NA,Unknown,ORANGE CO,100,NA,NA,0,0,0,304,0
L01-733-7,NA,NA,3505.4207999999994,0.0588,ORANGE CO,NA,Unknown,ORANGE CO,100,NA,NA,3505.4207999999994,3505.4207999999994,1,304,1065647.9231999998
L01-747-2,NA,NA,1876.4583119999998,0.024409,SAN JUAN CAPISTRANO,NA,Yes,ORANGE CO,17.94560662,240.61672041,43.18016829,336.7418270598122,336.7418270598122,0.635,313,66929.12183727296
L01-747-2,NA,NA,1876.4583119999998,0.024409,SAN JUAN CAPISTRANO,NA,Yes,SAN JUAN CAPISTRANO,82.05439338,240.61672041,197.4367648,1539.7164849401875,1539.7164849401875,0.635,313,306026.34996428696
L01-748-1,NA,NA,0,0,SAN JUAN CAPISTRANO,NA,Unknown,SAN JUAN CAPISTRANO,100,99.91794386,99.91803219,0,0,0,313,0
L01-749-3,NA,NA,0,0,SAN JUAN CAPISTRANO,NA,Unknown,SAN JUAN CAPISTRANO,100,41.93011742,41.93015449,0,0,0,313,0
L01-749-5,NA,NA,0,0.008383,SAN JUAN CAPISTRANO,NA,Unknown,SAN JUAN CAPISTRANO,100,NA,NA,0,0,0,313,0
L01-760-1,NA,NA,365.148,0.015615,ORANGE CO,NA,Yes,ORANGE CO,100,33.51045004,33.51047967,365.148,365.148,0.385,304,42736.92192000001
L01-766-2 (L01S06),NA,NA,7397.048952000001,0.179334,SAN JUAN CAPISTRANO,NA,Yes,SAN JUAN CAPISTRANO,99.99999998,245.40622496,245.4064419,7397.048950520591,7397.048950520591,0,313,0
L01-766-3,NA,NA,178.84799999999998,0.00798,SAN JUAN CAPISTRANO,NA,Unknown,SAN JUAN CAPISTRANO,100,369.98019559,369.9805227,178.84799999999998,178.84799999999998,0.5,313,27989.711999999996
L01-766-4,NA,NA,0,0.001979,SAN JUAN CAPISTRANO,NA,Unknown,SAN JUAN CAPISTRANO,100,25.87303207,25.87305495,0,0,0,313,0
L01-766-5,NA,NA,0,0,SAN JUAN CAPISTRANO,NA,Unknown,SAN JUAN CAPISTRANO,100,63.97582891,63.97588547,0,0,0,313,0
L01-766-8,NA,NA,0,0,SAN JUAN CAPISTRANO,NA,Unknown,SAN JUAN CAPISTRANO,100,NA,NA,0,0,0,313,0
L02-166-1 (L02PXX),NA,NA,3343.265279999999,0.041916,RANCHO SANTA MARGARITA,NA,Yes,MISSION VIEJO,5.462000754,77.28378749,4.221244787,182.60917480182016,182.60917480182016,0.77,304,42745.15563761006
L02-166-1 (L02PXX),NA,NA,3343.265279999999,0.041916,RANCHO SANTA MARGARITA,NA,Yes,RANCHO SANTA MARGARITA,94.53799939,77.28378749,73.06261114,3160.6561100124804,3160.6561100124804,0.77,304,739846.3822317214
L02-166-2 (L02P25),NA,NA,3795.668748,0.243318,RANCHO SANTA MARGARITA,NA,Yes,MISSION VIEJO,33.47599172,363.95293383,121.8369617,1270.637755799108,1270.637755799108,0.77,304,297430.8858774552
L02-166-2 (L02P25),NA,NA,3795.668748,0.243318,RANCHO SANTA MARGARITA,NA,Yes,RANCHO SANTA MARGARITA,66.5240082,363.95293383,242.1162936,2525.0309891643574,2525.0309891643574,0.77,304,591059.2539435928
L02-166-3 (L02P26),NA,NA,1338.6623759999998,0.176934,RANCHO SANTA MARGARITA,1,Yes,ORANGE CO,0.561546905,494.68519995,2.777891884,7.517217140827462,7.517217140827462,0.77,304,1759.6301883248925
L02-166-3 (L02P26),NA,NA,1338.6623759999998,0.176934,RANCHO SANTA MARGARITA,1,Yes,RANCHO SANTA MARGARITA,99.43845321,494.68519995,491.907746,1331.145160398634,1331.145160398634,0.77,304,311594.45914611226
L02-204-1 (L02P45),NA,NA,632.317104,0.021742,RANCHO SANTA MARGARITA,NA,Yes,RANCHO SANTA MARGARITA,100,53.98208335,53.98213107,632.317104,632.317104,0,304,0
L02-246-1 (L11P01),NA,NA,4135.859999999999,0.046996,RANCHO SANTA MARGARITA,1,Yes,RANCHO SANTA MARGARITA,100,228.03010278,228.0303044,4135.859999999999,4135.859999999999,1,304,1257301.4399999997
L02-344-2,NA,NA,3576.959999999999,0.408144,ORANGE CO,NA,Yes,ORANGE CO,100,NA,NA,3576.9599999999987,3576.9599999999987,0.77,309,851066.0927999998
L02-359-1 (L02P43),NA,NA,268.272,0.010162,ORANGE CO,NA,Yes,MISSION VIEJO,99.12347837,92.45754976,91.64722036,265.9205378927664,265.9205378927664,0.77,323,66137.09697930994
L02-359-1 (L02P43),NA,NA,268.272,0.010162,ORANGE CO,NA,Yes,ORANGE CO,0.876521628,92.45754976,0.810411137,2.35146210186816,2.35146210186816,0.77,323,584.83213935563
L02-366-1 (MVL02P14),NA,NA,875.6099999999999,0.023387,MISSION VIEJO,NA,Yes,MISSION VIEJO,100,198.82243813,NA,875.6099999999999,875.6099999999999,0.635,323,179591.98904999997
L02-502-1,NA,NA,0,0.026428,SAN JUAN CAPISTRANO,NA,Unknown,MISSION VIEJO,2.076270077,371.7262534,7.718047791,0,0,0.385,323,0
L02-502-1,NA,NA,0,0.026428,SAN JUAN CAPISTRANO,NA,Unknown,ORANGE CO,25.20341608,371.7262534,93.68779714,0,0,0.385,323,0
L02-502-1,NA,NA,0,0.026428,SAN JUAN CAPISTRANO,NA,Unknown,SAN JUAN CAPISTRANO,72.7203139,371.7262534,270.3207373,0,0,0.385,323,0
L02-502-5,NA,NA,0,0,SAN JUAN CAPISTRANO,NA,Unknown,SAN JUAN CAPISTRANO,100,NA,NA,0,0,0,323,0
L02-541-2,NA,NA,0,0,SAN JUAN CAPISTRANO,NA,Unknown,SAN JUAN CAPISTRANO,100,7.06807992,7.068086166,0,0,0,313,0
L02-541-7,NA,NA,0,0,SAN JUAN CAPISTRANO,NA,Unknown,SAN JUAN CAPISTRANO,100,24.77553865,24.77556055,0,0,0,313,0
L02-541-9 (L02P02),NA,NA,3010.421699999999,0.048641,SAN JUAN CAPISTRANO,NA,Yes,SAN JUAN CAPISTRANO,100,222.36515452,222.3653511,3010.4216999999994,3010.4216999999994,0.385,313,362770.86695849994
L02-641-2,NA,NA,11461.176,0.384827,RANCHO SANTA MARGARITA,1,Yes,ORANGE CO,0.587888306,926.34500026,5.44587874,67.37891343407856,67.37891343407856,1,304,20483.18968395988
L02-641-2,NA,NA,11461.176,0.384827,RANCHO SANTA MARGARITA,1,Yes,RANCHO SANTA MARGARITA,99.41211166,926.34500026,920.8999402,11393.79708266912,11393.79708266912,1,304,3463714.3131314125
L03-142-1 (L03P24),NA,NA,282.006036,0.018174,RANCHO SANTA MARGARITA,NA,Yes,ORANGE CO,99.82087577,255.6287671,255.1710996,281.5008948594615,281.5008948594615,0.77,304,65893.72946870275
L03-142-1 (L03P24),NA,NA,282.006036,0.018174,RANCHO SANTA MARGARITA,NA,Yes,RANCHO SANTA MARGARITA,0.179123703,255.6287671,0.457892119,0.505139654366713,0.505139654366713,0.77,304,118.2430902941602
L03-214-2 (L03P18),NA,NA,6319.295999999999,0.566083,MISSION VIEJO,1,Yes,MISSION VIEJO,95.45320027,1483.91003393,1416.440869,6031.970266534098,6031.970266534098,1,309,1863878.8123590364
L03-214-2 (L03P18),NA,NA,6319.295999999999,0.566083,MISSION VIEJO,1,Yes,RANCHO SANTA MARGARITA,4.546799732,1483.91003393,67.47047709,287.3257335922867,287.3257335922867,1,309,88783.6516800166
L03-240-1 (L03P14),NA,NA,843.9240959999998,0.019278,MISSION VIEJO,NA,Yes,MISSION VIEJO,100,343.94004359,NA,843.9240959999998,843.9240959999998,1,309,260772.54566399995
L03-241-3,NA,NA,24923.363039999997,0.418065,MISSION VIEJO,NA,Unknown,MISSION VIEJO,100,722.06959077,NA,24923.363039999997,24923.363039999997,1,309,7701319.179359999
L03-316-1,NA,NA,1142.033904,0.041047,MISSION VIEJO,NA,Yes,MISSION VIEJO,100,22.65150986,22.65152989,1142.033904,1142.033904,1,309,352888.47633599996
L03-316-3 (L03P12),NA,NA,2891.3759999999993,0.249529,MISSION VIEJO,1,Yes,MISSION VIEJO,99.99999995,361.42380014,361.4241195,2891.375998554311,2891.375998554311,1,309,893435.1835532822
L03-418-1,NA,NA,1659.7317959999998,0.066361,LAGUNA NIGUEL,NA,Yes,LAGUNA NIGUEL,5.475663849,123.71430811,6.774185634,90.88133394393043,90.88133394393043,1,323,29354.67086388953
L03-418-1,NA,NA,1659.7317959999998,0.066361,LAGUNA NIGUEL,NA,Yes,MISSION VIEJO,94.52433574,123.71430811,116.9402313,1568.8504552345717,1568.8504552345717,1,323,506738.69704076665
L03-418-3,NA,NA,0,7.22e-4,LAGUNA NIGUEL,NA,Unknown,LAGUNA NIGUEL,100,6.6378544,6.637860272,0,0,0.25,323,0
L03-418-8,NA,NA,5907.409056,0.134285,LAGUNA NIGUEL,1,Yes,LAGUNA NIGUEL,9.876554085,210.54842175,20.79494713,583.448450438028,583.448450438028,1,323,188453.84949148304
L03-418-8,NA,NA,5907.409056,0.134285,LAGUNA NIGUEL,1,Yes,MISSION VIEJO,90.12344547,210.54842175,189.7536598,5323.960579274002,5323.960579274002,1,323,1719639.2671055028
L03-455-2,NA,NA,369.6192,0.006273,SAN JUAN CAPISTRANO,NA,Yes,SAN JUAN CAPISTRANO,100,45.63681477,45.63685511,369.6192,369.6192,1,323,119387.00159999999
L03-455-3 (L03P37),NA,NA,0,0,SAN JUAN CAPISTRANO,NA,Unknown,LAGUNA NIGUEL,4.200759936,72.14698507,3.030724323,0,0,0,323,0
L03-455-3 (L03P37),NA,NA,0,0,SAN JUAN CAPISTRANO,NA,Unknown,MISSION VIEJO,60.02596233,72.14698507,43.30696036,0,0,0,323,0
L03-455-3 (L03P37),NA,NA,0,0,SAN JUAN CAPISTRANO,NA,Unknown,SAN JUAN CAPISTRANO,35.77328003,72.14698507,25.80936582,0,0,0,323,0
L03-455-4,NA,NA,0,0,SAN JUAN CAPISTRANO,NA,Unknown,SAN JUAN CAPISTRANO,100,NA,NA,0,0,0,323,0
L03-455-5,NA,NA,0,0.006815,LAGUNA NIGUEL,NA,Unknown,LAGUNA NIGUEL,88.43637715,23.75471305,21.0078262,0,0,0,323,0
L03-455-5,NA,NA,0,0.006815,LAGUNA NIGUEL,NA,Unknown,SAN JUAN CAPISTRANO,11.56362628,23.75471305,2.746908669,0,0,0,323,0
L03-455-6,NA,NA,0,0,LAGUNA NIGUEL,NA,Unknown,LAGUNA NIGUEL,82.19683381,5.33953354,4.38893139,0,0,0,323,0
L03-455-6,NA,NA,0,0,LAGUNA NIGUEL,NA,Unknown,MISSION VIEJO,17.76583201,5.33953354,0.948613397,0,0,0,323,0
L03-455-6,NA,NA,0,0,LAGUNA NIGUEL,NA,Unknown,SAN JUAN CAPISTRANO,0.037321744,5.33953354,0.001992809,0,0,0,323,0
L03-455-7,NA,NA,786.7150919999999,0.054716,LAGUNA NIGUEL,NA,Yes,LAGUNA NIGUEL,85.95696177,64.2143521,55.19675488,676.2363908692604,676.2363908692604,1,323,218424.3542507711
L03-455-7,NA,NA,786.7150919999999,0.054716,LAGUNA NIGUEL,NA,Yes,SAN JUAN CAPISTRANO,14.04303869,64.2143521,9.017654281,110.47870474962909,110.47870474962909,1,323,35684.6216341302
L03-693-1 (L03P11),NA,NA,976.2119999999999,0.090433,MISSION VIEJO,NA,Yes,MISSION VIEJO,100,279.81210476,279.8123521,976.2119999999999,976.2119999999999,1,309,301649.508
L03-708-1,NA,NA,1172.4479999999999,0.018177,LAGUNA NIGUEL,NA,Yes,LAGUNA HILLS,0.312130536,108.98900254,0.340188259,3.65956822672128,3.65956822672128,1,323,1182.0405372309735
L03-708-1,NA,NA,1172.4479999999999,0.018177,LAGUNA NIGUEL,NA,Yes,LAGUNA NIGUEL,99.68786762,108.98900254,108.6489086,1168.7884101533375,1168.7884101533375,1,323,377518.656479528
L03-708-11 (L03P05),NA,NA,4108.906115999999,0.133617,LAGUNA NIGUEL,NA,Yes,LAGUNA HILLS,98.82675596,171.70778799,169.6933866,4060.6986198848335,4060.6986198848335,0.5,323,655802.8271114007
L03-708-11 (L03P05),NA,NA,4108.906115999999,0.133617,LAGUNA NIGUEL,NA,Yes,LAGUNA NIGUEL,1.173244193,171.70778799,2.014553432,48.207502401791835,48.207502401791835,0.5,323,7785.511637889382
L03-708-13,NA,NA,3187.1607839999997,0.043565,LAGUNA NIGUEL,NA,Yes,MISSION VIEJO,100,64.06432828,64.06438492,3187.160784,3187.160784,1,323,1029452.9332320001
L03-708-5,NA,NA,0,0.006287,LAGUNA NIGUEL,NA,Unknown,LAGUNA NIGUEL,78.20762138,28.84826742,22.5615637,0,0,0,323,0
L03-708-5,NA,NA,0,0.006287,LAGUNA NIGUEL,NA,Unknown,MISSION VIEJO,21.792378,28.84826742,6.28672904,0,0,0,323,0
L03-708-9,NA,NA,337.672476,0.045486,LAGUNA NIGUEL,NA,Yes,LAGUNA NIGUEL,100,NA,NA,337.672476,337.672476,1,323,109068.20974800001
L04-136-1u (L04P07),NA,NA,10509.495984000001,0.228296,MISSION VIEJO,NA,Yes,MISSION VIEJO,100,NA,NA,10509.495984000001,10509.495984000001,0.5,309,1623717.1295280003
L04-672-1,NA,NA,4306.381632,0.200871,MISSION VIEJO,1,Yes,MISSION VIEJO,100,NA,NA,4306.381632,4306.381632,0.5,309,665335.962144
L04-702-1 (L04P02),NA,NA,3406.6370880000004,0.022439,MISSION VIEJO,NA,Yes,LAGUNA HILLS,99.99999962,84.3662671,84.36634137,3406.6370750547794,3406.6370750547794,1,323,1100343.7752426937
L04-702-4,NA,NA,0,0,MISSION VIEJO,NA,Unknown,LAGUNA HILLS,56.399775,374.77459069,211.3722128,0,0,0,323,0
L04-702-4,NA,NA,0,0,MISSION VIEJO,NA,Unknown,MISSION VIEJO,43.60022493,374.77459069,163.402709,0,0,0,323,0
L05-049-1,NA,NA,19312.141176000005,1.074799,ORANGE CO,1,Yes,ORANGE CO,100,478.27356101,478.2739839,19312.141176000005,19312.141176000005,1,323,6237821.599848001
L05-049-2,NA,NA,13985.9136,0.293041,ORANGE CO,NA,Yes,ORANGE CO,100,NA,NA,13985.913599999998,13985.913599999998,1,323,4517450.0928
L05-489-3d,NA,NA,119703.35390399999,2.136918,ORANGE CO,NA,Yes,ORANGE CO,100,1930.33211516,1930.332115,119703.35390399997,119703.35390399997,1,323,38664183.310991995
L05-489-7,NA,NA,1073.088,0.093024,ORANGE CO,NA,Yes,ORANGE CO,100,92.32955997,92.32964159,1073.088,1073.088,1,323,346607.424
L05-503-1,NA,NA,3832.4741759999997,0.057778,SAN JUAN CAPISTRANO,1,Yes,SAN JUAN CAPISTRANO,100,NA,NA,3832.4741759999997,3832.4741759999997,1,313,1199564.4170879999
LC01-11446-1,NA,NA,429.23519999999996,0.017,LAGUNA BEACH,NA,Yes,LAGUNA BEACH,39.36702966,178.33264473,70.20432721,168.9771484951603,168.9771484951603,0.75,318,40301.04991609573
LC01-11446-1,NA,NA,429.23519999999996,0.017,LAGUNA BEACH,NA,Yes,ORANGE CO,55.76166121,178.33264473,99.4413331,239.34867801806593,239.34867801806593,0.75,318,57084.659707308725
LC02-11508-2,NA,NA,488.79158399999994,0.02265,LAGUNA BEACH,NA,Yes,LAGUNA BEACH,100,NA,NA,488.79158399999994,488.79158399999994,0.885,318,137560.61548511998
LC02-11508-3,NA,NA,0,0,LAGUNA BEACH,NA,Unknown,LAGUNA BEACH,14.21275699,319.65476129,45.43179461,0,0,0,318,0
LC02-11508-3,NA,NA,0,0,LAGUNA BEACH,NA,Unknown,ORANGE CO,85.78724286,319.65476129,274.2232488,0,0,0,318,0
LC03-11515-1,NA,NA,1070.822592,0.008369,LAGUNA BEACH,NA,Yes,LAGUNA BEACH,100,NA,NA,1070.822592,1070.822592,0.5,318,170260.792128
LC05-11017-1,NA,NA,0,0,LAGUNA BEACH,NA,Unknown,LAGUNA BEACH,100,63.88315303,63.88320951,0,0,0,318,0
LC06-11019-1,NA,NA,3655.951199999999,0.028496,LAGUNA BEACH,NA,Yes,LAGUNA BEACH,89.62558449,60.81426308,54.50518693,3276.667631669168,3276.667631669168,0.5,318,520990.15343539766
LC06-11019-1,NA,NA,3655.951199999999,0.028496,LAGUNA BEACH,NA,Yes,ORANGE CO,9.731511351,60.81426308,5.918152147,355.7793060150206,355.7793060150206,0.5,318,56568.90965638828
M00.1-071-2 (M00S04),NA,NA,0,0.072122,SAN CLEMENTE,NA,Unknown,SAN CLEMENTE,100.0000001,416.85960898,416.8599777,0,0,0,313,0
M00.2-066-1 (M00S07),NA,NA,372.59999999999997,0.014322,SAN CLEMENTE,NA,Yes,SAN CLEMENTE,99.98882995,136.33710933,136.3220009,372.5583803936999,372.5583803936999,0.5,313,58305.386531614036
M01-038-3,NA,NA,572.850144,0.005304,SAN CLEMENTE,NA,Yes,SAN CLEMENTE,100,NA,NA,572.850144,572.850144,1,313,179302.095072
M01-038-6,NA,NA,288.153936,0.013791,SAN CLEMENTE,NA,Yes,SAN CLEMENTE,100,NA,NA,288.153936,288.153936,1,313,90192.18196799999
M01-042-1 (M01S01),NA,NA,59.616,0.015022,SAN CLEMENTE,1,Yes,SAN CLEMENTE,100,195.65162657,195.6517995,59.61600000000001,59.61600000000001,0.5,313,9329.904
M01-047-1,NA,NA,24674.674895999997,0.350968,SAN CLEMENTE,1,Yes,SAN CLEMENTE,100,719.38131871,719.3819547,24674.674895999997,24674.674895999997,1,313,7723173.242447999
M01-050-4 (M01@CGV),NA,NA,695.5199999999999,0.05849,SAN CLEMENTE,NA,Yes,SAN CLEMENTE,100,105.0882966,105.0883895,695.5199999999999,695.5199999999999,1,313,217697.75999999995
M01-050-7,NA,NA,0.23846399999999995,4e-6,SAN CLEMENTE,NA,Unknown,SAN CLEMENTE,100,NA,NA,0.23846399999999995,0.23846399999999995,0.5,313,37.31961599999999
M01-060-3,NA,NA,39353.65430399999,0.743988,DANA POINT,NA,Yes,DANA POINT,0.059502384,4545.77136968,2.704844705,23.416362501998602,23.416362501998602,0.75,313,5496.991097344172
M01-060-3,NA,NA,39353.65430399999,0.743988,DANA POINT,NA,Yes,ORANGE CO,13.88784564,4545.77136968,631.310269,5465.3747634387355,5465.3747634387355,0.75,313,1282996.7257172433
M01-060-3,NA,NA,39353.65430399999,0.743988,DANA POINT,NA,Yes,SAN CLEMENTE,68.75086744,4545.77136968,3125.260011,27055.978703338886,27055.978703338886,0.75,313,6351391.000608804
M01-060-3,NA,NA,39353.65430399999,0.743988,DANA POINT,NA,Yes,SAN JUAN CAPISTRANO,17.30178443,4545.77136968,786.5002582,6808.884433005495,6808.884433005495,0.75,313,1598385.62064804
M01-099-1,NA,NA,327.888,0.03559,SAN CLEMENTE,NA,Yes,SAN CLEMENTE,100,NA,NA,327.888,327.888,1,313,102628.94399999999
M01-124-2,NA,NA,178.848,0.019404,SAN CLEMENTE,NA,Yes,SAN CLEMENTE,100,NA,NA,178.84800000000004,178.84800000000004,1,313,55979.424000000014
M01-124-4,NA,NA,71.5392,6e-4,SAN CLEMENTE,NA,Unknown,SAN CLEMENTE,100,NA,NA,71.5392,71.5392,0.75,313,16793.8272
M02-032-1,NA,NA,11593.8216,0.234014,SAN CLEMENTE,1,Yes,SAN CLEMENTE,100,130.87560514,130.8757208,11593.8216,11593.8216,1,313,3628866.1607999997
M02-052-3,NA,NA,119.232,0.110413,SAN CLEMENTE,NA,Yes,SAN CLEMENTE,100,178.5046065,178.5047643,119.23200000000001,119.23200000000001,0.9233333333333333,313,34458.44544
M02-061-5,NA,NA,0,0,SAN CLEMENTE,NA,Unknown,SAN CLEMENTE,100,3.75049186,3.750495173,0,0,0,313,0
M02-085-1 (M02P06),NA,NA,804.8159999999999,0.06651,SAN CLEMENTE,1,Yes,ORANGE CO,0.069288022,372.59706323,0.258165364,0.55764108713952,0.55764108713952,1,313,174.54166027466977
M02-085-1 (M02P06),NA,NA,804.8159999999999,0.06651,SAN CLEMENTE,1,Yes,SAN CLEMENTE,99.93071197,372.59706323,372.3392272,804.2583588484752,804.2583588484752,1,313,251732.86631957273
M02-085-2,NA,NA,1758.672,0.201592,SAN CLEMENTE,1,Yes,SAN CLEMENTE,100,199.86814555,199.8683222,1758.672,1758.672,1,313,550464.336
M02-142-1,NA,NA,0,0,SAN CLEMENTE,NA,Unknown,SAN CLEMENTE,100,NA,NA,0,0,0.385,313,0
SC02-072-1,NA,NA,0,0,SAN CLEMENTE,NA,Unknown,SAN CLEMENTE,100,4.79491375,4.794917985,0,0,0,313,0
SC03-067-1,NA,NA,0,0,SAN CLEMENTE,NA,Unknown,SAN CLEMENTE,99.95606465,174.71237258,174.6357665,0,0,0,313,0
SC06-146-1 (M00P02),NA,NA,217.658016,0.003017,SAN CLEMENTE,NA,Yes,SAN CLEMENTE,100.0000005,26.41299244,26.41301593,217.65801708829008,217.65801708829008,0.75,313,51095.2195114761
SC07-079-4,NA,NA,402.4079999999999,0.00694,SAN CLEMENTE,NA,Yes,SAN CLEMENTE,100,1.06690053,1.066901477,402.4079999999999,402.4079999999999,1,313,125953.70399999997
SC10-075-1 (M00P05),NA,NA,357.69599999999997,0.006323,DANA POINT,NA,Yes,DANA POINT,89.808013,83.2555747,74.77024345,321.23967018048,321.23967018048,0.75,313,75411.01257486768
SC10-075-1 (M00P05),NA,NA,357.69599999999997,0.006323,DANA POINT,NA,Yes,SAN CLEMENTE,10.19198624,83.2555747,8.485404217,36.456327101030396,36.456327101030396,0.75,313,8558.122786966886
SC11-026-1 (M00P01),NA,NA,238.464,0.060573,DANA POINT,NA,Unknown,DANA POINT,67.05890861,305.38811884,204.7901206,159.9113558277504,159.9113558277504,0.25,313,12513.06359352147
SC11-026-1 (M00P01),NA,NA,238.464,0.060573,DANA POINT,NA,Unknown,SAN CLEMENTE,31.34739098,305.38811884,95.73129226,74.7522424265472,74.7522424265472,0.25,313,5849.362969877318
SC11-026-1 (M00P01),NA,NA,238.464,0.060573,DANA POINT,NA,Unknown,SAN JUAN CAPISTRANO,1.593700313,305.38811884,4.866975708,3.80040151439232,3.80040151439232,0.25,313,297.38141850119905
SC11-035-2d,NA,NA,0,0,DANA POINT,NA,Unknown,DANA POINT,100,NA,NA,0,0,0.25,319,0
SC11-035-3d,NA,NA,0,0,DANA POINT,NA,Unknown,DANA POINT,100,NA,NA,0,0,0,313,0
SC12-068-2,NA,NA,811.2843359999999,0.008401,SAN CLEMENTE,NA,Yes,SAN CLEMENTE,100,81.31475636,81.31482824,811.2843359999999,811.2843359999999,0.5,313,126965.99858399999
SC12-068-4,NA,NA,9.180864,0.0089,SAN CLEMENTE,NA,Unknown,SAN CLEMENTE,99.98312968,16.13226718,16.12955987,9.179315158864435,9.179315158864435,0.25,313,718.2814111811421
J01-9273-1,NA,NA,0,0.00103,LAGUNA WOODS,1,Yes,LAGUNA HILLS,5.183103927,30.68945533,1.590667771,0,0,0,309,0
J01-9273-1,NA,NA,0,0.00103,LAGUNA WOODS,1,Yes,LAGUNA WOODS,94.81689767,30.68945533,29.09881518,0,0,0,309,0
J01-9364-3 (J01P21),NA,NA,317375.97119999997,3.673333,ORANGE CO,NA,Yes,ALISO VIEJO,99.79799461,167.87337148,167.5344063,316734.85463161115,316734.85463161115,1,323,102305358.0460104
J01-9364-3 (J01P21),NA,NA,317375.97119999997,3.673333,ORANGE CO,NA,Yes,LAGUNA NIGUEL,0.20163074,167.87337148,0.33848462,639.9275193127468,639.9275193127468,1,323,206696.5887380172
J01-9364-3 (J01P21),NA,NA,317375.97119999997,3.673333,ORANGE CO,NA,Yes,ORANGE CO,3.74759e-4,167.87337148,6.2912e-4,1.189395015909408,1.189395015909408,1,323,384.1745901387388
L02-401-2 (COL02P55),NA,NA,-0.99,NA,ORANGE CO,NA,Yes,ORANGE CO,100,116.86311828,116.8632216,NA,0,0.5,323,0
J01-9144-4 (J01P26),NA,NA,385.77600000000007,0.004465,ALISO VIEJO,NA,Yes,ALISO VIEJO,100,193.49295991,193.493131,385.77600000000007,385.77600000000007,0,323,0
L02-640-1 (L11P02),NA,NA,14111.9712,0.163333,RANCHO SANTA MARGARITA,NA,Yes,RANCHO SANTA MARGARITA,100,508.84556392,508.8460138,14111.971200000002,14111.971200000002,0.77,304,3303330.2184960004
J01-9264-1 (J01P06),NA,NA,-0.99,NA,LAKE FOREST,NA,Yes,LAKE FOREST,92.08498047,680.93059513,627.0353599,NA,0,0.5,309,0
J01-9046-3,NA,NA,248.91839999999996,0.002881,LAKE FOREST,NA,Yes,LAKE FOREST,100,15.52791748,15.52793121,248.91839999999996,248.91839999999996,0.77,309,59225.15491199999
J01-10004-2,NA,NA,65.1456,7.54e-4,LAKE FOREST,NA,Yes,LAKE FOREST,100,11.76218814,11.76219854,65.1456,65.1456,0.5,309,10064.9952
J01-9275-1,NA,NA,259.2,0.003,LAKE FOREST,NA,Unknown,LAKE FOREST,99.64416058,27.09901317,27.00260807,258.27766422336003,258.27766422336003,0.77,309,61452.00464866406
J01-9275-1,NA,NA,259.2,0.003,LAKE FOREST,NA,Unknown,MISSION VIEJO,0.355841536,27.09901317,0.09642963,0.922341261312,0.922341261312,0.77,309,219.45265630396418
J01-10041-2 (J03P13),NA,NA,211896,2.4525,LAGUNA NIGUEL,NA,Yes,LAGUNA HILLS,0.009690605,374.69432682,0.036310178,20.534004370799998,20.534004370799998,0.5,323,3316.2417058841997
J01-10041-2 (J03P13),NA,NA,211896,2.4525,LAGUNA NIGUEL,NA,Yes,LAGUNA NIGUEL,99.9903098,374.69432682,374.6583494,211875.46685380803,211875.46685380803,0.5,323,34217887.89689
J03-9215-1,NA,NA,-0.99,NA,LAGUNA NIGUEL,NA,Yes,LAGUNA NIGUEL,100,65.12825351,65.12831109,NA,0,1,323,0
SC01-077-2,NA,NA,647.9999999999999,0.0075,SAN CLEMENTE,NA,Unknown,SAN CLEMENTE,100,NA,NA,647.9999999999999,647.9999999999999,0.77,313,156174.47999999998
SC01-077-1,NA,NA,4587.6672,0.053098,SAN CLEMENTE,NA,Yes,SAN CLEMENTE,100,48.74950277,48.74954587,4587.6672,4587.6672,0.77,313,1105673.671872
J01-9313-1,NA,NA,4320,0.05,ALISO VIEJO,NA,Yes,ALISO VIEJO,99.21825221,137.37665275,136.3028343,4286.228495472,4286.228495472,0.77,323,1066027.889108841
J01-9313-1,NA,NA,4320,0.05,ALISO VIEJO,NA,Yes,ORANGE CO,0.781746628,137.37665275,1.073938299,33.771454329600004,33.771454329600004,0.77,323,8399.298406314818
I01-11487-2,NA,NA,723.6,0.008375,LAGUNA BEACH,NA,Unknown,LAGUNA BEACH,100.0000001,134.7247304,134.7248497,723.6000007235999,723.6000007235999,0.5,318,115052.40011505238
I00-11437-1,NA,NA,7487.942400000001,0.086666000000000007,LAGUNA BEACH,1,Yes,LAGUNA BEACH,96.47184583,605.19208238,583.8404889,7223.756247967203,7223.756247967203,0.385,318,884404.4774386247
I00-11437-1,NA,NA,7487.942400000001,0.086666000000000007,LAGUNA BEACH,1,Yes,ORANGE CO,3.528154171,605.19208238,21.35212857,264.18615210767757,264.18615210767757,0.385,318,32344.310602542966
I01-11502-1,NA,NA,-0.99,NA,ALISO VIEJO,NA,Yes,LAGUNA BEACH,94.54079859,25.92502892,24.50975105,NA,0,0.77,318,0
I01-11502-1,NA,NA,-0.99,NA,ALISO VIEJO,NA,Yes,LAGUNA WOODS,5.45919891,25.92502892,1.415300148,NA,0,0.77,318,0
I01-11216-1 (I02P13),NA,NA,-0.99,NA,ALISO VIEJO,NA,Yes,ALISO VIEJO,85.52948144,231.31390007,197.8417541,NA,0,0.77,309,0
I01-11216-1 (I02P13),NA,NA,-0.99,NA,ALISO VIEJO,NA,Yes,LAGUNA WOODS,12.7806056,231.31390007,29.5633434,NA,0,0.77,309,0
I01-11216-2 (I02P12),NA,NA,-0.99,NA,ALISO VIEJO,NA,Yes,ALISO VIEJO,100,NA,NA,NA,0,0.77,309,0
I01-11216-3,NA,NA,-0.99,NA,ALISO VIEJO,NA,Yes,ALISO VIEJO,27.53095221,4.87418855,1.341911705,NA,0,0.77,309,0
I01-11216-3,NA,NA,-0.99,NA,ALISO VIEJO,NA,Yes,LAGUNA WOODS,72.46900588,4.87418855,3.532279107,NA,0,0.77,309,0
I01-11216-4 (I02P14),NA,NA,-0.99,NA,ALISO VIEJO,NA,Yes,ALISO VIEJO,100,NA,NA,NA,0,0.77,309,0
M00.1-070-4,NA,NA,-0.99,0,SAN CLEMENTE,NA,Unknown,SAN CLEMENTE,100,137.0917445,137.0918657,NA,0,0.77,313,0
M00.1-071-3 (M00S04),NA,NA,3821.3856,0.044229,SAN CLEMENTE,NA,Yes,SAN CLEMENTE,100.0000016,101.01259909,101.01269,3821.3856611421697,3821.3856611421697,1,313,1196093.7119374992
SC05-073-1,NA,NA,603.5039999999999,0.006985,SAN CLEMENTE,NA,Unknown,SAN CLEMENTE,100.0000016,124.43649592,124.4366079,603.5040096560639,603.5040096560639,1,313,188896.755022348
M02-102-1,NA,NA,3801.5999999999995,0.044,SAN CLEMENTE,NA,Yes,ORANGE CO,3.840670819,4825.00118255,185.3125762,146.00694185510397,146.00694185510397,0.5,313,22850.086400323773
M02-102-1,NA,NA,3801.5999999999995,0.044,SAN CLEMENTE,NA,Yes,SAN CLEMENTE,96.15932919,4825.00118255,4639.692872,3655.5930584870393,3655.5930584870393,0.5,313,572100.3136532217
M02-013-1,NA,NA,-0.99,NA,SAN CLEMENTE,NA,Yes,SAN CLEMENTE,100,43.17862585,43.17866403,NA,0,0.77,313,0
L01-618-3,NA,NA,-0.99,0,SAN JUAN CAPISTRANO,NA,Unknown,SAN JUAN CAPISTRANO,100,6.92800257,6.92800869,NA,0,0.77,313,0
L01-618-2,NA,NA,-0.99,NA,SAN JUAN CAPISTRANO,NA,Yes,SAN JUAN CAPISTRANO,100,399.49209345,399.4924467,NA,0,0.77,313,0
L01-618-1,NA,NA,6998.4000000000005,0.081,SAN JUAN CAPISTRANO,NA,Yes,SAN JUAN CAPISTRANO,100,92.62287102,92.6229529,6998.4,6998.4,0,313,0
L01-602-2,NA,NA,-0.99,NA,SAN JUAN CAPISTRANO,NA,Yes,SAN JUAN CAPISTRANO,100,62.42339564,62.42345082,NA,0,0,313,0
L02-571-1,NA,NA,-0.99,0,SAN JUAN CAPISTRANO,NA,Unknown,SAN JUAN CAPISTRANO,99.9999999,36.03365204,36.03368386,NA,0,0.77,313,0
L02-571-3,NA,NA,52.4448,6.07e-4,SAN JUAN CAPISTRANO,NA,Unknown,SAN JUAN CAPISTRANO,100,7.43114254,7.431149107,52.44480000000001,52.44480000000001,1,313,16415.222400000002
K01-12156-1,NA,NA,-0.99,NA,LAGUNA NIGUEL,NA,Yes,LAGUNA NIGUEL,100,88.38784859,88.38792673,NA,0,0.77,319,0
K01-12156-3,NA,NA,-0.99,0,LAGUNA NIGUEL,NA,Unknown,LAGUNA NIGUEL,100,130.12073959,130.1208546,NA,0,0.77,323,0
L01-724-2,NA,NA,-0.99,0,SAN JUAN CAPISTRANO,NA,Unknown,SAN JUAN CAPISTRANO,100,16.19787546,NA,NA,0,0.77,319,0
L01-517-1,NA,NA,-0.99,0,SAN JUAN CAPISTRANO,NA,Unknown,ORANGE CO,91.33564488,163.63320429,149.4555745,NA,0,0.77,313,0
L01-517-1,NA,NA,-0.99,0,SAN JUAN CAPISTRANO,NA,Unknown,SAN JUAN CAPISTRANO,8.664355227,163.63320429,14.17777462,NA,0,0.77,313,0
L01-517-2,NA,NA,-0.99,0,SAN JUAN CAPISTRANO,NA,Unknown,SAN JUAN CAPISTRANO,100,NA,NA,NA,0,0.77,313,0
L01-517-3,NA,NA,143.7696,0.001664,ORANGE CO,NA,Yes,ORANGE CO,86.86213464,603.8362612,524.5055299,124.88134352338942,124.88134352338942,0.385,313,15048.826301286043
L01-517-3,NA,NA,143.7696,0.001664,ORANGE CO,NA,Yes,SAN JUAN CAPISTRANO,13.13786535,603.8362612,79.33126506,18.8882564622336,18.8882564622336,0.385,313,2276.1293449814602
SM01-086-1 (M03P01),NA,NA,-0.99,NA,SAN CLEMENTE,NA,Yes,ORANGE CO,0.179452607,219.4891214,0.393879298,NA,0,0.77,313,0
SM01-086-1 (M03P01),NA,NA,-0.99,NA,SAN CLEMENTE,NA,Yes,SAN CLEMENTE,99.82054733,219.4891214,219.095436,NA,0,0.77,313,0
M02-028-2 (M02P08),NA,NA,3484.7712,0.040333,SAN CLEMENTE,NA,Yes,ORANGE CO,0.116727935,221.16825465,0.258165364,4.06770146123472,4.06770146123472,0,313,0
M02-028-2 (M02P08),NA,NA,3484.7712,0.040333,SAN CLEMENTE,NA,Yes,SAN CLEMENTE,99.88327205,221.16825465,220.9102848,3480.7034980160497,3480.7034980160497,0,313,0
M02-015-1,NA,NA,1811.2896,0.020964,SAN CLEMENTE,NA,Yes,SAN CLEMENTE,100,65.88798185,65.8880401,1811.2896000000003,1811.2896000000003,0.385,313,218269.45324800006
L01-125-1,NA,NA,-0.99,NA,RANCHO SANTA MARGARITA,NA,Yes,ORANGE CO,17.10683645,362.07575558,61.93976207,NA,0,0.77,304,0
L01-125-1,NA,NA,-0.99,NA,RANCHO SANTA MARGARITA,NA,Yes,RANCHO SANTA MARGARITA,82.89316367,362.07575558,300.136314,NA,0,0.77,304,0
L01-125-2,NA,NA,1814.3999999999999,0.021,RANCHO SANTA MARGARITA,NA,Yes,ORANGE CO,51.93979406,113.27048633,58.83250935,942.3956234246399,942.3956234246399,0.77,304,220595.96753123973
L01-125-2,NA,NA,1814.3999999999999,0.021,RANCHO SANTA MARGARITA,NA,Yes,RANCHO SANTA MARGARITA,48.06020524,113.27048633,54.43807633,872.0043638745599,872.0043638745599,0.77,304,204118.781495757
L02-622-2 (L02P32),NA,NA,8908.444800000001,0.103107,RANCHO SANTA MARGARITA,NA,Yes,ORANGE CO,8.122253812,571.54189287,46.42212422,723.566497357916,723.566497357916,0.77,304,169372.44570154097
L02-622-2 (L02P32),NA,NA,8908.444800000001,0.103107,RANCHO SANTA MARGARITA,NA,Yes,RANCHO SANTA MARGARITA,91.87774622,571.54189287,525.1202741,8184.878305492788,8184.878305492788,0.77,304,1915916.313749752
L01-261-1,NA,NA,700.0128,0.008102,ORANGE CO,NA,Yes,ORANGE CO,99.85129002,149.63865359,149.4162581,698.9718111051225,698.9718111051225,0.77,304,163615.32154348708
L01-261-1,NA,NA,700.0128,0.008102,ORANGE CO,NA,Yes,RANCHO SANTA MARGARITA,0.148709977,149.63865359,0.222527803,1.0409888738770559,1.0409888738770559,0.77,304,243.67467559714126
L04-266-1,NA,NA,-0.99,NA,MISSION VIEJO,NA,Unknown,MISSION VIEJO,100.0000001,54.2802175,54.28026556,NA,0,0.77,309,0
J07-9109-1,NA,NA,754.3584,0.008731,MISSION VIEJO,NA,Yes,MISSION VIEJO,100,NA,NA,754.3584,754.3584,0.25,309,58274.1864
J07-9109-2,NA,NA,5881.4208,0.068072,MISSION VIEJO,NA,Yes,LAKE FOREST,1.91711778,201.64389276,3.865754338,112.75376387341825,112.75376387341825,0.25,309,8710.22825922156
J07-9109-2,NA,NA,5881.4208,0.068072,MISSION VIEJO,NA,Yes,MISSION VIEJO,98.08288254,201.64389276,197.7783173,5768.667054947128,5768.667054947128,0.25,309,445629.52999466565
L03-691-1 (L03P09),NA,NA,29032.7328,0.336027,MISSION VIEJO,NA,Yes,MISSION VIEJO,99.71740555,505.0272419,503.6005082,28950.687908423868,28950.687908423868,0.5,309,4472881.281851487
L03-691-1 (L03P09),NA,NA,29032.7328,0.336027,MISSION VIEJO,NA,Yes,ORANGE CO,0.28259444,505.0272419,1.42718017,82.04488867285632,82.04488867285632,0.5,309,12675.935299956302
L03-141-1,NA,NA,6242.0544,0.072246,MISSION VIEJO,NA,Yes,MISSION VIEJO,58.38533876,161.39127863,94.22892806,3644.444607023486,3644.444607023486,1,304,1107911.1605351397
L03-141-1,NA,NA,6242.0544,0.072246,MISSION VIEJO,NA,Yes,RANCHO SANTA MARGARITA,41.61466124,161.39127863,67.16249325,2597.6097929765147,2597.6097929765147,1,304,789673.3770648604
L01-414-1,NA,NA,-0.99,NA,ORANGE CO,NA,Yes,ORANGE CO,100,41.37487005,41.37490663,NA,0,0.385,304,0
L01-733-2,NA,NA,9843.3792,0.113928,ORANGE CO,NA,Yes,ORANGE CO,99.1163795,120.42916661,119.3651353,9756.401083496063,9756.401083496063,1,304,2965945.929382803
L01-733-2,NA,NA,9843.3792,0.113928,ORANGE CO,NA,Yes,RANCHO SANTA MARGARITA,0.883620502,120.42916661,1.064137748,86.97811670080358,86.97811670080358,1,304,26441.347477044288
M01-003-1,NA,NA,-0.99,0,ORANGE CO,NA,Unknown,ORANGE CO,100,NA,NA,NA,0,0.77,313,0
M01-003-2,NA,NA,-0.99,0,ORANGE CO,NA,Unknown,ORANGE CO,100,NA,NA,NA,0,0.77,313,0
M01-002-1,NA,NA,-0.99,0,ORANGE CO,NA,Unknown,ORANGE CO,100,NA,NA,NA,0,0.77,313,0
L01-747-1,NA,NA,3887.999999999999,0.045,SAN JUAN CAPISTRANO,NA,Yes,SAN JUAN CAPISTRANO,100,132.61552692,132.6156442,3887.9999999999986,3887.9999999999986,0,313,0
L05-489-4,NA,NA,2498.3424,0.028916,ORANGE CO,NA,Yes,ORANGE CO,100,NA,NA,2498.3424,2498.3424,0.5,323,403482.2976
L01-372-1,NA,NA,624.1536000000001,0.007224,ORANGE CO,NA,Yes,ORANGE CO,100,117.6149137,117.6150177,624.1536000000001,624.1536000000001,0.77,304,146101.87468800004
L01-218-1,NA,NA,-0.99,NA,RANCHO SANTA MARGARITA,NA,Yes,ORANGE CO,1.588868781,66.55096754,1.057408482,NA,0,0.77,304,0
L01-218-1,NA,NA,-0.99,NA,RANCHO SANTA MARGARITA,NA,Yes,RANCHO SANTA MARGARITA,98.41112993,66.55096754,65.49361704,NA,0,0.77,304,0
L01-218-2,NA,NA,1830.3839999999998,0.021185,RANCHO SANTA MARGARITA,NA,Yes,RANCHO SANTA MARGARITA,100,32.56312287,32.56315165,1830.3839999999996,1830.3839999999996,0.77,304,428456.2867199999
L01-218-3,NA,NA,-0.99,NA,RANCHO SANTA MARGARITA,NA,Yes,RANCHO SANTA MARGARITA,100,58.59506433,58.59511613,NA,0,0.77,304,0
J01-9033-1,NA,NA,197.94240000000002,0.002291,LAKE FOREST,NA,Yes,LAKE FOREST,2.750781729,41.10421176,1.130688146,5.4449633731440965,5.4449633731440965,0.77,304,1274.5570263855702
J01-9033-1,NA,NA,197.94240000000002,0.002291,LAKE FOREST,NA,Yes,ORANGE CO,97.24922177,41.10421176,39.97356139,192.4974435528605,192.4974435528605,0.77,304,45059.80158685359
J01-10012-3,NA,NA,-0.99,0,MISSION VIEJO,NA,Unknown,MISSION VIEJO,19.22071006,31.14614857,5.986516204,NA,0,0.77,304,0
J01-10012-3,NA,NA,-0.99,0,MISSION VIEJO,NA,Unknown,ORANGE CO,60.69089784,31.14614857,18.90289392,NA,0,0.77,304,0
J01-10012-3,NA,NA,-0.99,0,MISSION VIEJO,NA,Unknown,RANCHO SANTA MARGARITA,20.08839263,31.14614857,6.256766146,NA,0,0.77,304,0
J04-9249-1,NA,NA,119021.27040000001,1.377561,LAGUNA NIGUEL,NA,Yes,ALISO VIEJO,8.068009599,1643.4542726,132.5941657,9602.647520723745,9602.647520723745,1,323,3101655.14919377
J04-9249-1,NA,NA,119021.27040000001,1.377561,LAGUNA NIGUEL,NA,Yes,LAGUNA HILLS,71.83884675,1643.4542726,1180.63964,85503.50804255911,85503.50804255911,1,323,27617633.097746596
J04-9249-1,NA,NA,119021.27040000001,1.377561,LAGUNA NIGUEL,NA,Yes,LAGUNA NIGUEL,20.09314366,1643.4542726,330.2219199,23915.11484742906,23915.11484742906,1,323,7724582.095719586
L02-502-6,NA,NA,-0.99,NA,SAN JUAN CAPISTRANO,NA,Unknown,SAN JUAN CAPISTRANO,100,39.57525956,39.57529455,NA,0,0.77,323,0
L03-497-1,NA,NA,-0.99,0,SAN JUAN CAPISTRANO,NA,Unknown,LAGUNA NIGUEL,70.8605139,45.51756325,32.25400775,NA,0,0.77,323,0
L03-497-1,NA,NA,-0.99,0,SAN JUAN CAPISTRANO,NA,Unknown,SAN JUAN CAPISTRANO,29.13948729,45.51756325,13.26359628,NA,0,0.77,323,0
L01-727-3,NA,NA,687.6576000000001,0.007959,DANA POINT,NA,Unknown,DANA POINT,100,4.74021882,4.740223007,687.6576000000001,687.6576000000001,0.5,319,109681.38720000001
L02-396-1,NA,NA,2001.2831999999999,0.023163,MISSION VIEJO,NA,Yes,MISSION VIEJO,99.27784457,193.73528575,192.3363859,1986.830824701522,1986.830824701522,0.77,323,494144.69441151555
L02-396-1,NA,NA,2001.2831999999999,0.023163,MISSION VIEJO,NA,Yes,ORANGE CO,0.722154616,193.73528575,1.399069546,14.452359008032511,14.452359008032511,0.77,323,3594.446208887766
L01-613-1,NA,NA,501.12,0.0058,DANA POINT,NA,Unknown,DANA POINT,100,NA,NA,501.12,501.12,0.77,319,123090.1056
LC04-11199-1,NA,NA,-0.99,NA,LAGUNA BEACH,NA,Unknown,LAGUNA BEACH,100,NA,NA,NA,0,0.77,318,0
L03-172-3,NA,NA,-0.99,NA,MISSION VIEJO,NA,Yes,MISSION VIEJO,100,NA,NA,NA,0,0.77,304,0
L01-303-5,NA,NA,942.2784,0.010906,ORANGE CO,NA,Yes,ORANGE CO,100,NA,NA,942.2783999999999,942.2783999999999,0.77,304,220568.527872
L01-303-3,NA,NA,-0.99,NA,ORANGE CO,NA,Yes,ORANGE CO,100,NA,NA,NA,0,0.5,304,0
L01-303-2,NA,NA,6048,0.07,ORANGE CO,NA,Yes,ORANGE CO,100,NA,NA,6048,6048,1,304,1838592
L01-303-1,NA,NA,-0.99,NA,ORANGE CO,NA,Yes,ORANGE CO,100,NA,NA,NA,0,0.77,304,0
L01-517-8,NA,NA,-0.99,0,SAN JUAN CAPISTRANO,NA,Unknown,SAN JUAN CAPISTRANO,100,NA,NA,NA,0,0.77,313,0
SC02-072-4,NA,NA,-0.99,NA,SAN CLEMENTE,NA,Unknown,SAN CLEMENTE,100,NA,NA,NA,0,0.77,313,0
M00.1-070-6,NA,NA,-0.99,0,SAN CLEMENTE,NA,Unknown,SAN CLEMENTE,100,NA,NA,NA,0,0.77,313,0
L01-766-9,NA,NA,15025.305600000003,0.173904,SAN JUAN CAPISTRANO,1,Yes,SAN JUAN CAPISTRANO,100,NA,NA,15025.305600000003,15025.305600000003,0.77,313,3621248.902656001
L03-141-2,NA,NA,506.8224,0.005866,MISSION VIEJO,NA,Yes,MISSION VIEJO,100,NA,NA,506.8224000000001,506.8224000000001,1,304,154074.00960000002
L03-141-3,NA,NA,1075.68,0.01245,MISSION VIEJO,NA,Yes,MISSION VIEJO,100,NA,NA,1075.68,1075.68,1,304,327006.72000000003
LC05-11017-2,NA,NA,2921.0112,0.033808,LAGUNA BEACH,NA,Unknown,LAGUNA BEACH,100,NA,NA,2921.0112,2921.0112,0.77,318,715238.802432
SC10-075-3 (M00S01),NA,NA,31103.999999999993,0.36,DANA POINT,NA,Unknown,DANA POINT,100,NA,NA,31103.99999999999,31103.99999999999,0.77,313,7496375.039999998
SC09-081-2d,NA,NA,3369.5999999999995,0.039,SAN CLEMENTE,NA,Unknown,SAN CLEMENTE,100,NA,NA,3369.5999999999995,3369.5999999999995,0.77,313,812107.296
M01-168-1d (M00P03),NA,NA,-0.99,0,DANA POINT,NA,Unknown,DANA POINT,100,NA,NA,NA,0,0.77,313,0
M01-168-2d (M00P03),NA,NA,-0.99,NA,DANA POINT,NA,Unknown,DANA POINT,100,NA,NA,NA,0,0.77,313,0
SC11-035-1d,NA,NA,-0.99,0,DANA POINT,NA,Unknown,DANA POINT,100,NA,NA,NA,0,0.77,319,0
I01-11195-2,NA,NA,18856.800000000003,0.21825,ALISO VIEJO,NA,Unknown,ALISO VIEJO,100,NA,NA,18856.800000000003,18856.800000000003,0.77,318,4617276.048000001
J03-9216-5,NA,NA,-0.99,NA,LAGUNA NIGUEL,NA,Yes,LAGUNA NIGUEL,100,NA,NA,NA,0,0.5,323,0
L01-399-1,NA,NA,-0.99,0,ORANGE CO,NA,Unknown,ORANGE CO,100,NA,NA,NA,0,0.77,304,0
L01-399-2,NA,NA,86.39999999999999,0.001,ORANGE CO,NA,Unknown,ORANGE CO,100,NA,NA,86.4,86.4,0.77,304,20224.512000000002
LC01-11480-1,NA,NA,-0.99,NA,ORANGE CO,NA,Yes,ORANGE CO,100,NA,NA,NA,0,0.77,318,0
L01-242-1 (L07P16),NA,NA,-0.99,NA,ORANGE CO,NA,Yes,ORANGE CO,99.65978637,196.96941954,196.2994763,NA,0,1,304,0
L01-242-1 (L07P16),NA,NA,-0.99,NA,ORANGE CO,NA,Yes,RANCHO SANTA MARGARITA,0.340213646,196.96941954,0.670117436,NA,0,1,304,0
I01-11503-5,NA,NA,-0.99,NA,ALISO VIEJO,NA,Unknown,ALISO VIEJO,100,NA,NA,NA,0,1,318,0
