FacilityID,QInscfsAdj,QInsCFAdj,Q_DailyavgCF,AVGDISCHARGE,JURISDICTI,SAMPLEDRY,PERSISTENTFLOW,JURISDICTI3,PERCENTAGE,area_acres,AREA
I01-11343-1,NA,NA,NA,0,LAGUNA WOODS,1,Yes,LAGUNA WOODS,100,33.3408069,33.34083637
I01-11487-1,NA,NA,NA,0,LAGUNA BEACH,NA,Unknown,ALISO VIEJO,9.42798961,5606.22157779,528.5544551
I01-11487-1,NA,NA,NA,0,LAGUNA BEACH,NA,Unknown,LAGUNA BEACH,28.71852666,5606.22157779,1610.025662
I01-11487-1,NA,NA,NA,0,LAGUNA BEACH,NA,Unknown,LAGUNA WOODS,4.108913651,5606.22157779,230.3550073
I01-11487-1,NA,NA,NA,0,LAGUNA BEACH,NA,Unknown,ORANGE CO,56.5439454,5606.22157779,3169.981671
I01-11487-1,NA,NA,NA,0,LAGUNA BEACH,NA,Unknown,IRVINE,0.487313943,5606.22157779,27.31992357
I01-11487-1,NA,NA,NA,0,LAGUNA BEACH,NA,Unknown,NEWPORT BEACH,0.103091768,5606.22157779,5.779558064
I01-11503-3,NA,NA,NA,0,ALISO VIEJO,NA,Yes,ALISO VIEJO,100,90.98036764,90.98044807
J01-10006-1,NA,NA,NA,0,LAKE FOREST,NA,Yes,LAKE FOREST,100,23.20308578,23.2031063
J05-9255-1 (J05P01),NA,NA,NA,0,LAGUNA HILLS,NA,Yes,LAGUNA HILLS,100,70.04513345,70.04519538
J05-9271-6,NA,NA,0,0,LAGUNA HILLS,NA,Unknown,LAGUNA HILLS,100,NA,NA
L01-335-2,NA,NA,0,0,ORANGE CO,NA,Unknown,ORANGE CO,100,NA,NA
L01-391-1,NA,NA,NA,0,ORANGE CO,NA,Yes,ORANGE CO,100,29.95853952,29.958566
L01-726-2,NA,NA,0,0,DANA POINT,NA,Unknown,DANA POINT,100,2.51489735,2.514899575
L02-344-1,NA,NA,0,0,ORANGE CO,NA,Unknown,ORANGE CO,99.37899245,178.3182714,177.2110581
L02-344-1,NA,NA,0,0,ORANGE CO,NA,Unknown,RANCHO SANTA MARGARITA,0.621007707,178.3182714,1.107371188
L02-401-1,NA,NA,NA,0,ORANGE CO,NA,Yes,MISSION VIEJO,97.18078684,199.48492042,193.8611867
L02-401-1,NA,NA,NA,0,ORANGE CO,NA,Yes,ORANGE CO,2.819212227,199.48492042,5.623908238
L02-571-5 (L02TBN2),NA,NA,NA,0,SAN JUAN CAPISTRANO,NA,Unknown,LAGUNA NIGUEL,25.81138094,220.78861654,56.98864128
L02-571-5 (L02TBN2),NA,NA,NA,0,SAN JUAN CAPISTRANO,NA,Unknown,SAN JUAN CAPISTRANO,74.1886223,220.78861654,163.8001776
M01-008-1,NA,NA,NA,0,SAN CLEMENTE,NA,Unknown,SAN CLEMENTE,100,NA,NA
L01-748-2,NA,NA,NA,0,SAN JUAN CAPISTRANO,NA,Yes,SAN JUAN CAPISTRANO,100,NA,NA
DP01-12022-1,0.03821358,3301.6533119999995,465.0048,0.055382,DANA POINT,NA,Yes,DANA POINT,100,NA,NA
DP04-12015-1,0.006944849999999999,600.0350399999999,869.616,0.010065,LAGUNA BEACH,NA,Unknown,LAGUNA BEACH,65.93698008,178.90214373,117.9627752
DP04-12015-1,0.006944849999999999,600.0350399999999,869.616,0.010065,LAGUNA BEACH,NA,Unknown,LAGUNA NIGUEL,33.93511159,178.90214373,60.71069578
DP04-12015-1,0.006944849999999999,600.0350399999999,869.616,0.010065,LAGUNA BEACH,NA,Unknown,ORANGE CO,0.127907549,178.90214373,0.22882955
I00-11518-2,0.0033119999999999994,286.1568,414.7199999999999,0.0048,LAGUNA BEACH,NA,Yes,LAGUNA BEACH,100,NA,NA
I01-11023-1,0.0014869499999999997,128.47247999999996,186.192,0.002155,LAGUNA BEACH,1,Yes,LAGUNA BEACH,33.40107474,4.24010907,1.41624325
I01-11023-1,0.0014869499999999997,128.47247999999996,186.192,0.002155,LAGUNA BEACH,1,Yes,ORANGE CO,66.59891828,4.24010907,2.823869268
J01-9005-3,0.20960405999999998,18109.790783999997,72057.6,0.303774,LAGUNA NIGUEL,NA,Yes,LAGUNA HILLS,1.384801424,201.89063791,2.7957869
J01-9005-3,0.20960405999999998,18109.790783999997,72057.6,0.303774,LAGUNA NIGUEL,NA,Yes,LAGUNA NIGUEL,98.6151983,201.89063791,199.0950289
J01-9031-1,0.025644539999999997,2215.688256,3211.1423999999997,0.037166,LAKE FOREST,1,Unknown,LAKE FOREST,91.74566749,298.95942316,274.2825608
J01-9066-2 (J01P03),0.06153213,5316.376031999999,8828.568000000001,0.089177,MISSION VIEJO,NA,Yes,LAKE FOREST,0.818376545,420.34930926,3.440043196
J01-9066-2 (J01P03),0.06153213,5316.376031999999,8828.568000000001,0.089177,MISSION VIEJO,NA,Yes,MISSION VIEJO,99.18162349,420.34930926,416.9096378
J01-9224-2 (J01P25),0.06698727,5787.7001279999995,1132.7039999999997,0.097083,LAGUNA NIGUEL,1,Yes,ALISO VIEJO,1.638278647,222.46726525,3.644636926
J01-9224-2 (J01P25),0.06698727,5787.7001279999995,1132.7039999999997,0.097083,LAGUNA NIGUEL,1,Yes,LAGUNA NIGUEL,98.36172091,222.46726525,218.822824
J03-9216-1 (J03P01),0.00889893,768.8675519999999,1114.3008,0.012897,LAGUNA NIGUEL,NA,Yes,LAGUNA NIGUEL,100,13.41168034,13.41169219
J03-9234-5,0.00929775,803.3256000000001,1164.24,0.013475000000000001,LAGUNA NIGUEL,NA,Yes,LAGUNA NIGUEL,100,131.49969178,131.499808
J03-9368-2 (J03TBN2),0.01691121,1461.1285439999997,275.83329599999996,0.024509,LAGUNA NIGUEL,NA,Yes,LAGUNA NIGUEL,100,34.23122305,34.23125331
J07-9022-1,7.686599999999999e-4,66.412224,45.963936000000004,0.001114,MISSION VIEJO,NA,Yes,MISSION VIEJO,100,82.52382766,82.52390061
K01-12036-5,0.03274809,2829.434976,4067.89776,0.047461,LAGUNA NIGUEL,NA,Yes,LAGUNA NIGUEL,100,28.07626103,28.07628585
K01-12155-5,0.039590129999999994,3420.587232,4957.3728,0.057377,LAGUNA NIGUEL,NA,Unknown,LAGUNA NIGUEL,100,147.04555016,147.0456802
K01-12156-6,0.29718851999999996,25677.088127999996,23607.935999999998,0.430708,LAGUNA NIGUEL,NA,Yes,LAGUNA NIGUEL,100,NA,NA
L01-125-3,0.02359869,2038.9268160000001,2954.9664,0.034201,RANCHO SANTA MARGARITA,NA,Yes,ORANGE CO,1.064651459,69.26665813,0.737449138
L01-125-3,0.02359869,2038.9268160000001,2954.9664,0.034201,RANCHO SANTA MARGARITA,NA,Yes,RANCHO SANTA MARGARITA,98.93535016,69.26665813,68.52927134
L01-728-2,0.0011950799999999998,103.25491199999998,149.6448,0.001732,DANA POINT,NA,Yes,DANA POINT,100.000001,95.97299313,95.97307889
L01-728-3 (L01S02),0.30228486,26117.411903999993,1013.472,0.438094,DANA POINT,NA,Yes,DANA POINT,8.724176507,1014.01862168,88.46485258
L01-728-3 (L01S02),0.30228486,26117.411903999993,1013.472,0.438094,DANA POINT,NA,Yes,SAN CLEMENTE,0.203472958,1014.01862168,2.063255511
L01-728-3 (L01S02),0.30228486,26117.411903999993,1013.472,0.438094,DANA POINT,NA,Yes,SAN JUAN CAPISTRANO,91.07235047,1014.01862168,923.4914094
L01-749-2d,0.05640888,4873.727232,4769.28,0.081752,SAN JUAN CAPISTRANO,NA,Yes,SAN JUAN CAPISTRANO,100,NA,NA
L01-760-2,0.04998222,4318.463808,2246.807808,0.072438,ORANGE CO,NA,Yes,ORANGE CO,100,32.57431395,32.57434275
L01-766-7,5.927099999999999e-4,51.210143999999985,7.809696000000001,8.59e-4,SAN JUAN CAPISTRANO,NA,Unknown,SAN JUAN CAPISTRANO,100,56.73310957,56.73315973
L02-198-1 (L02P29),0.005761499999999999,497.79359999999986,715.3919999999999,0.00835,RANCHO SANTA MARGARITA,NA,Yes,RANCHO SANTA MARGARITA,100,NA,NA
L02-374-1 (L02P50),0.13307133,11497.362912,11336.399711999999,0.192857,ORANGE CO,1,Yes,ORANGE CO,100,456.48197184000003,456.4823754
L02-374-2 (MVL02P20),0.00595056,514.128384,596.16,0.008624,ORANGE CO,NA,Yes,MISSION VIEJO,100,84.33765496,84.33772952
L02-541-6,0.0014427899999999998,124.65705599999998,180.6624,0.002091,SAN JUAN CAPISTRANO,NA,Yes,SAN JUAN CAPISTRANO,100,17.62492719,17.62494277
L02-622-1 (L02P28),0.009833189999999999,849.5876159999998,1231.2864,0.014251,RANCHO SANTA MARGARITA,NA,Unknown,RANCHO SANTA MARGARITA,100,256.93195174,256.9321789
L02-641-1,0.03796587,3280.251168,2790.0288,0.055023,RANCHO SANTA MARGARITA,1,Yes,ORANGE CO,0.587888306,926.34500026,5.44587874
L02-641-1,0.03796587,3280.251168,2790.0288,0.055023,RANCHO SANTA MARGARITA,1,Yes,RANCHO SANTA MARGARITA,99.41211166,926.34500026,920.8999402
L03-074-1 (L03B01),0.14138859,12215.974176000002,1251.9359999999997,0.204911,MISSION VIEJO,NA,Yes,MISSION VIEJO,100,303.10956645,303.1098344
L03-241-4,0.00668196,577.321344,1257.3610559999997,0.009684,MISSION VIEJO,NA,Yes,MISSION VIEJO,100,209.49721786,NA
L03-316-2,0.00902658,779.8965119999998,119.232,0.013082,MISSION VIEJO,NA,Yes,MISSION VIEJO,100,143.04145576,143.0415822
L03-316-4,0.01591416,1374.983424,0,0.023064,MISSION VIEJO,NA,Yes,MISSION VIEJO,100,44.10840687,NA
L03-418-2,0.005453759999999999,471.20486399999993,1033.324128,0.007904,LAGUNA NIGUEL,NA,Yes,LAGUNA NIGUEL,100,NA,NA
L03-662-3 (L03P16),0.10237805999999999,8845.464383999999,1669.248,0.148374,MISSION VIEJO,1,Yes,MISSION VIEJO,100,436.64832448,436.6487105
L04-266-5,0.32193399,27815.096736,12945.077856,0.466571,MISSION VIEJO,1,Yes,MISSION VIEJO,100,577.85257612,577.853087
L05-489-3,0.55455645,47913.677279999996,91470.825936,0.803705,ORANGE CO,1,Yes,ORANGE CO,100,1832.47249969,1832.47412
LC06-11509-2,0.010634969999999999,918.861408,628.710336,0.015413,LAGUNA BEACH,NA,Yes,LAGUNA BEACH,63.38208068,51.8633,32.87206771
LC06-11509-2,0.010634969999999999,918.861408,628.710336,0.015413,LAGUNA BEACH,NA,Yes,ORANGE CO,36.61792026,51.8633,18.99127863
M02-052-2,0.46280162999999996,39986.060831999996,21963.42864,0.670727,SAN CLEMENTE,NA,Yes,ORANGE CO,5.965513916,3106.39477221,185.3125762
M02-052-2,0.46280162999999996,39986.060831999996,21963.42864,0.670727,SAN CLEMENTE,NA,Yes,SAN CLEMENTE,94.0344861,3106.39477221,2921.084943
M02-052-4,0.03164133,2733.810912,357.69599999999997,0.045857,SAN CLEMENTE,NA,Yes,SAN CLEMENTE,100,118.71835525,118.7184602
M02-061-4 (SCBS@M02),0.00993324,858.2319359999999,423.094752,0.014396,SAN CLEMENTE,NA,Yes,SAN CLEMENTE,100,90.38163929,90.38171919
M02-061-6,0.00733815,634.01616,918.864,0.010635,SAN CLEMENTE,NA,Yes,SAN CLEMENTE,100,40.9633321,40.96336831
M02-061-7,0.345,29808,43200,0.5,SAN CLEMENTE,NA,Yes,SAN CLEMENTE,100,NA,NA
SC05-073-3,0.00209277,180.815328,262.0512,0.003033,SAN CLEMENTE,NA,Yes,SAN CLEMENTE,100,30.16696063,30.16698731
SC06-146-2 (M00P02),0.03903882,3372.9540479999996,4471.200000000001,0.056578,SAN CLEMENTE,NA,Yes,SAN CLEMENTE,99.99837363,325.80676057,325.8017498
SC07-079-5,0.0024012,207.46368,858.4703999999999,0.00348,SAN CLEMENTE,NA,Yes,SAN CLEMENTE,100,29.94605554,29.94608202
SM01-086-2,0.0138,1192.32,1728,0.02,SAN CLEMENTE,NA,Unknown,SAN CLEMENTE,100,NA,NA
L03-074-2,0.01398492,1208.297088,505.5436799999999,0.020268,MISSION VIEJO,NA,Yes,MISSION VIEJO,100,NA,NA
L03-172-2,0.00917079,792.3562559999999,649.3076639999999,0.013291,MISSION VIEJO,NA,Yes,MISSION VIEJO,100,46.50852925,46.50857036
L04-301-1 (L04P08),0.024127919999999997,2084.652288,3021.2352,0.034968,MISSION VIEJO,NA,Yes,MISSION VIEJO,100,191.83607914,191.8362487
M02-086-1,2.5599e-4,22.117535999999998,0,3.71e-4,SAN CLEMENTE,NA,Unknown,SAN CLEMENTE,100,50.74833146,50.74837632
SC11-130-2,0.00958065,827.7681599999999,1199.664,0.013885,DANA POINT,NA,Unknown,DANA POINT,100,NA,NA
DP01-12022-2,NA,NA,0,0,DANA POINT,NA,Unknown,DANA POINT,100,NA,NA
DP06-12106-1,NA,NA,5365.44,0.227,DANA POINT,NA,Yes,DANA POINT,100,66.54528569,66.54534452
I00-11453-1,NA,NA,0,0.013896,LAGUNA BEACH,NA,Unknown,LAGUNA BEACH,100,342.08954194,342.0898444
I00-11468-1,NA,NA,729.193104,0.039855,LAGUNA BEACH,1,Yes,LAGUNA BEACH,91.76756832,223.33679991,204.9509316
I00-11468-1,NA,NA,729.193104,0.039855,LAGUNA BEACH,1,Yes,ORANGE CO,8.232432026,223.33679991,18.3860665
I00-11518-1,NA,NA,0,0.079534,LAGUNA BEACH,NA,Unknown,LAGUNA BEACH,96.690419790000007,645.16066542,623.8091072
I00-11518-1,NA,NA,0,0.079534,LAGUNA BEACH,NA,Unknown,ORANGE CO,3.309580209,645.16066542,21.35212857
I01-11010-1,NA,NA,638.099856,0.03819,LAGUNA BEACH,1,Yes,LAGUNA BEACH,100,12.1490758,12.14908654
I01-11015-2,NA,NA,0,0,LAGUNA BEACH,NA,Unknown,LAGUNA BEACH,9.814813201,245.37795985,24.08340969
I01-11015-2,NA,NA,0,0,LAGUNA BEACH,NA,Unknown,ORANGE CO,90.18518695,245.37795985,221.2947674
I01-11015-3,NA,NA,0,0,LAGUNA BEACH,NA,Unknown,LAGUNA BEACH,100,NA,NA
I01-11023-2,NA,NA,0,2.04e-4,LAGUNA BEACH,NA,Unknown,LAGUNA BEACH,100,16.81555601,16.81557088
I01-11023-3,NA,NA,0,0,LAGUNA BEACH,NA,Unknown,LAGUNA BEACH,2.021964214,36.18156164,0.731578875
I01-11023-3,NA,NA,0,0,LAGUNA BEACH,NA,Unknown,ORANGE CO,97.97803498,36.18156164,35.45001446
I01-11023-4,NA,NA,0,0,LAGUNA BEACH,NA,Unknown,LAGUNA BEACH,99.99999471,6.44034236,6.44034771
I01-11023-5,NA,NA,0,0,LAGUNA BEACH,NA,Unknown,LAGUNA BEACH,8.451122386,12.44670623,1.051887306
I01-11023-5,NA,NA,0,0,LAGUNA BEACH,NA,Unknown,ORANGE CO,91.54887409,12.44670623,11.39482948
I01-11059-1,NA,NA,0,0,LAGUNA BEACH,NA,Unknown,LAGUNA BEACH,99.99999976,282.44365092,282.4438999
I01-11059-2,NA,NA,0,0,LAGUNA BEACH,NA,Unknown,LAGUNA BEACH,100,9.28778099,9.287789205
I01-11059-3,NA,NA,0,0,LAGUNA BEACH,NA,Unknown,LAGUNA BEACH,100,NA,NA
I01-11065-1,NA,NA,0,0,LAGUNA BEACH,NA,Unknown,LAGUNA BEACH,100,NA,NA
I01-11077-1,NA,NA,0,0,LAGUNA BEACH,NA,Unknown,LAGUNA BEACH,92.37171423,118.05411389,109.0487051
I01-11077-1,NA,NA,0,0,LAGUNA BEACH,NA,Unknown,ORANGE CO,7.628285715,118.05411389,9.005513067
I01-11077-2,NA,NA,0,0,LAGUNA BEACH,NA,Unknown,LAGUNA BEACH,100,NA,NA
I01-11093-1,NA,NA,0,0,LAGUNA BEACH,NA,Unknown,LAGUNA BEACH,15.10734659,87.63278849,13.23900078
I01-11093-1,NA,NA,0,0,LAGUNA BEACH,NA,Unknown,ORANGE CO,84.89265355,87.63278849,74.3938653
I01-11093-2,NA,NA,0,0,LAGUNA BEACH,NA,Unknown,LAGUNA BEACH,1.070402039,296.78090067,3.176751622
I01-11093-2,NA,NA,0,0,LAGUNA BEACH,NA,Unknown,ORANGE CO,98.92959796,296.78090067,293.6044114
I01-11217-1,NA,NA,0,0.001777,ALISO VIEJO,NA,Unknown,ALISO VIEJO,100,35.66443538,35.66446691
I01-11343-2 (I02P18),NA,NA,113.09155199999998,0.007519,LAGUNA WOODS,1,Yes,LAGUNA WOODS,98.79491313,46.81104081,46.24696799
J01-10004-1 (J01P01),NA,NA,6825.454632,0.31136,LAKE FOREST,1,Yes,LAKE FOREST,97.22901103,479.88775953,466.5905351
J01-10017-1 (J01TBN4),NA,NA,192.646134,0.015398,ALISO VIEJO,NA,Yes,ALISO VIEJO,100,17.42256719,17.42258259
J01-10019-1 (J01P33),NA,NA,899.0705700000001,0.007265,ALISO VIEJO,NA,Yes,ALISO VIEJO,100,72.93906351,72.93912799
J01-9005-1 (J03P05),NA,NA,3320.135892,0.033498,LAGUNA NIGUEL,NA,Yes,LAGUNA NIGUEL,100,127.79044152,127.7905545
J01-9007-1 (J02P05),NA,NA,2773.4399999999996,0.11084,ALISO VIEJO,1,Yes,ALISO VIEJO,98.19424307,145.61257767,142.9832949
J01-9007-1 (J02P05),NA,NA,2773.4399999999996,0.11084,ALISO VIEJO,1,Yes,ORANGE CO,1.805757306,145.61257767,2.629412085
J01-9008-1 (J01P30),NA,NA,3073.243356,0.0542,ALISO VIEJO,NA,Yes,ALISO VIEJO,100,211.57209037,211.5722774
J01-9040-1,NA,NA,40215.314159999994,0.449715,LAKE FOREST,NA,Yes,LAKE FOREST,99.97855453,146.1265793,146.0953709
J01-9040-1,NA,NA,40215.314159999994,0.449715,LAKE FOREST,NA,Yes,ORANGE CO,0.021445596,146.1265793,0.031337744
J01-9046-1,NA,NA,208.6128,0.00512,LAKE FOREST,NA,Unknown,LAKE FOREST,100,65.72077069,65.72082879
J01-9046-2,NA,NA,319.613364,0.107098,LAKE FOREST,NA,Unknown,LAKE FOREST,99.38641043,46.36377902,46.07933644
J01-9046-2,NA,NA,319.613364,0.107098,LAKE FOREST,NA,Unknown,MISSION VIEJO,0.613590663,46.36377902,0.284484071
J01-9066-1 (J01P04),NA,NA,136.975968,0.014702,MISSION VIEJO,NA,Yes,LAKE FOREST,2.845060742,82.12170635,2.336414493
J01-9066-1 (J01P04),NA,NA,136.975968,0.014702,MISSION VIEJO,NA,Yes,MISSION VIEJO,97.15493782,82.12170635,79.78536327
J01-9082-2,NA,NA,3159.7872119999997,0.143136,ALISO VIEJO,1,Yes,ALISO VIEJO,97.84740395,124.66076066,121.9774259
J01-9082-2,NA,NA,3159.7872119999997,0.143136,ALISO VIEJO,1,Yes,ORANGE CO,2.152595119,124.66076066,2.683443822
J01-9082-3,NA,NA,43.199999999999996,0.005369,ALISO VIEJO,NA,Unknown,ALISO VIEJO,97.84740395,124.66076066,121.9774259
J01-9082-3,NA,NA,43.199999999999996,0.005369,ALISO VIEJO,NA,Unknown,ORANGE CO,2.152595119,124.66076066,2.683443822
J01-9082-4,NA,NA,988.2863999999998,0.020881,ALISO VIEJO,NA,Yes,ALISO VIEJO,97.84740395,124.66076066,121.9774259
J01-9082-4,NA,NA,988.2863999999998,0.020881,ALISO VIEJO,NA,Yes,ORANGE CO,2.152595119,124.66076066,2.683443822
J01-9131-1 (J01P28),NA,NA,1098.5759999999998,0.068157,ALISO VIEJO,1,Unknown,ALISO VIEJO,100,286.38606854,286.3863217
J01-9144-1 (J01P23),NA,NA,225.57582,0.018688,LAGUNA NIGUEL,NA,Yes,ALISO VIEJO,100,175.4581519,175.458307
J01-9224-1 (J01P24),NA,NA,528.1543439999999,0.024552,LAGUNA NIGUEL,1,Yes,ALISO VIEJO,1.638278647,222.46726525,3.644636926
J01-9224-1 (J01P24),NA,NA,528.1543439999999,0.024552,LAGUNA NIGUEL,1,Yes,LAGUNA NIGUEL,98.36172091,222.46726525,218.822824
J01-9259-3,NA,NA,798.6159360000001,0.00601,LAKE FOREST,NA,Yes,LAKE FOREST,99.99231896,140.75505759,140.7443706
J01-9275-2,NA,NA,0,0,LAKE FOREST,NA,Unknown,LAKE FOREST,95.02628824,42.7322098,40.60686876
J01-9275-2,NA,NA,0,0,LAKE FOREST,NA,Unknown,MISSION VIEJO,4.973711762,42.7322098,2.1253788240000002
J01-9349-1,NA,NA,0,0.00615,LAKE FOREST,1,Unknown,LAKE FOREST,99.85177608,69.7067491,69.60348856
J01-9349-1,NA,NA,0,0.00615,LAKE FOREST,1,Unknown,MISSION VIEJO,0.14822366,69.7067491,0.103321986
J01-9364-4,NA,NA,0,0,ORANGE CO,NA,Unknown,ALISO VIEJO,98.79141639,42.33257611,41.82098851
J01-9364-4,NA,NA,0,0,ORANGE CO,NA,Unknown,ORANGE CO,1.208582942,42.33257611,0.511624746
J01-9377-1,NA,NA,317.304,0.001959,LAKE FOREST,1,Unknown,LAKE FOREST,98.07444602,34.4468196,33.78355736
J01-9377-1,NA,NA,317.304,0.001959,LAKE FOREST,1,Unknown,MISSION VIEJO,1.925552671,34.4468196,0.663292241
J01-9377-2 (J01TBN8),NA,NA,0,4.2e-5,LAKE FOREST,NA,Unknown,LAKE FOREST,67.39420978,98.41839547,66.32835854
J01-9377-2 (J01TBN8),NA,NA,0,4.2e-5,LAKE FOREST,NA,Unknown,MISSION VIEJO,32.60579025,98.41839547,32.09012396
J01-9782-1 (J01TBN3),NA,NA,288.24336,0.00112,LAKE FOREST,NA,Unknown,LAKE FOREST,45.38061266,30.80686795,13.98035778
J01-9782-1 (J01TBN3),NA,NA,288.24336,0.00112,LAKE FOREST,NA,Unknown,MISSION VIEJO,54.6193895,30.80686795,16.82653807
J01-9785-1,NA,NA,273.220128,0.005998,LAKE FOREST,NA,Yes,LAKE FOREST,100,21.25657462,21.25659341
J01-9992-1 (J01P27),NA,NA,1341.9455759999998,0.171031,ALISO VIEJO,1,Yes,ALISO VIEJO,99.70754793,553.84107572999994,552.2218442
J01-9992-1 (J01P27),NA,NA,1341.9455759999998,0.171031,ALISO VIEJO,1,Yes,ORANGE CO,0.292452005,553.84107572999994,1.619720764
J03-9215-3,NA,NA,3398.951808,0.037748,LAGUNA NIGUEL,NA,Yes,LAGUNA NIGUEL,100,155.28755892,155.2876962
J03-9216-2,NA,NA,99407.89151999999,1.41452,LAGUNA NIGUEL,NA,Yes,LAGUNA NIGUEL,99.85072453,1123.28596907,1121.61017
J03-9216-2,NA,NA,99407.89151999999,1.41452,LAGUNA NIGUEL,NA,Yes,SAN JUAN CAPISTRANO,0.149275428,1123.28596907,1.676791419
J03-9221-1 (J03P02),NA,NA,9503.068607999998,0.215297,LAGUNA NIGUEL,1,Yes,LAGUNA NIGUEL,100,565.70937288,565.709873
J03-9234-6,NA,NA,3895.115039999999,1.290672,LAGUNA NIGUEL,NA,Yes,LAGUNA NIGUEL,99.27752823,232.09078171,230.414195
J03-9234-6,NA,NA,3895.115039999999,1.290672,LAGUNA NIGUEL,NA,Yes,SAN JUAN CAPISTRANO,0.722471579,232.09078171,1.676791419
J03-9234-8,NA,NA,44609.22201600001,0.301604,LAGUNA NIGUEL,NA,Yes,LAGUNA NIGUEL,100,NA,NA
J03-9368-1 (J03TBN1),NA,NA,4479.146315999999,0.004992,LAGUNA NIGUEL,NA,Yes,LAGUNA NIGUEL,98.70823565,92.34354303,91.15076265
J03-9368-1 (J03TBN1),NA,NA,4479.146315999999,0.004992,LAGUNA NIGUEL,NA,Yes,SAN JUAN CAPISTRANO,1.291764465,92.34354303,1.192862129
J05-9800-2,NA,NA,0,0,LAGUNA HILLS,NA,Unknown,LAGUNA HILLS,100.0000004,25.47292658,25.47294919
J06-10011-1 (J06P01),NA,NA,10588.7736,0.600261,ALISO VIEJO,1,Yes,ALISO VIEJO,14.86516439,935.90125176,139.1233826
J06-10011-1 (J06P01),NA,NA,10588.7736,0.600261,ALISO VIEJO,1,Yes,LAGUNA HILLS,20.85002958,935.90125176,195.1358603
J06-10011-1 (J06P01),NA,NA,10588.7736,0.600261,ALISO VIEJO,1,Yes,LAGUNA WOODS,38.1624725,935.90125176,357.1633736
J06-10011-1 (J06P01),NA,NA,10588.7736,0.600261,ALISO VIEJO,1,Yes,LAKE FOREST,22.96186189,935.90125176,214.9005429
J06-9079-1 (J06P03),NA,NA,2480.310288,0.099511,ALISO VIEJO,1,Yes,ALISO VIEJO,98.05519597,365.7871229,358.6735973
J07-9022-6,NA,NA,36.186912,0.001776,MISSION VIEJO,NA,Yes,MISSION VIEJO,100,NA,NA
J07-9109-4 (J07P02),NA,NA,620.5849559999999,0.215661,MISSION VIEJO,NA,Yes,LAKE FOREST,1.275132081,394.92574829,5.035829366
J07-9109-4 (J07P02),NA,NA,620.5849559999999,0.215661,MISSION VIEJO,NA,Yes,MISSION VIEJO,98.72486798,394.92574829,389.8902683
J07-9110-1,NA,NA,59.616,0.004715,MISSION VIEJO,NA,Yes,LAKE FOREST,0.19588078,102.11849185,0.200030675
J07-9110-1,NA,NA,59.616,0.004715,MISSION VIEJO,NA,Yes,MISSION VIEJO,99.80411911,102.11849185,101.9185513
J07-9110-2,NA,NA,79.9011,0.003966,MISSION VIEJO,NA,Yes,MISSION VIEJO,100,133.39088631,133.3910042
J07-9110-3,NA,NA,29.808,0.010104,MISSION VIEJO,NA,Unknown,MISSION VIEJO,100,61.67998508,61.68003961
K01-12032-2 (K01P11),NA,NA,1438.1763839999999,0.061363,LAGUNA NIGUEL,NA,Yes,LAGUNA NIGUEL,100,126.84724993,126.8473621
K01-12036-1,NA,NA,547.364304,0.021221,LAGUNA NIGUEL,NA,Yes,LAGUNA NIGUEL,100,137.80531846,137.8054403
K01-12036-10,NA,NA,29.808,0.005224,LAGUNA NIGUEL,NA,Unknown,LAGUNA NIGUEL,100,185.37165068,185.3718146
K01-12058-1 (K01P08),NA,NA,953.856,0.205335,LAGUNA NIGUEL,NA,Yes,LAGUNA NIGUEL,97.77433651,329.52135056,322.187599
K01-12058-1 (K01P08),NA,NA,953.856,0.205335,LAGUNA NIGUEL,NA,Yes,SAN JUAN CAPISTRANO,2.225663378,329.52135056,7.334042507
K01-12058-2 (K01P09),NA,NA,2682.72,0.130128,LAGUNA NIGUEL,NA,Yes,LAGUNA NIGUEL,97.02723437,303.05249515,294.0437147
K01-12058-2 (K01P09),NA,NA,2682.72,0.130128,LAGUNA NIGUEL,NA,Yes,SAN JUAN CAPISTRANO,2.9727657,303.05249515,9.009048593
K01-12062-1,NA,NA,7321.262112,0.122807,LAGUNA NIGUEL,NA,Yes,LAGUNA NIGUEL,96.51947141,258.84115572,249.8323362
K01-12062-1,NA,NA,7321.262112,0.122807,LAGUNA NIGUEL,NA,Yes,SAN JUAN CAPISTRANO,3.480528667,258.84115572,9.009048593
K01-12126-1 (K01S01),NA,NA,27708.32448,0.477926,DANA POINT,1,Yes,DANA POINT,27.17243026,885.25252888,240.5448387
K01-12126-1 (K01S01),NA,NA,27708.32448,0.477926,DANA POINT,1,Yes,LAGUNA NIGUEL,72.82756974,885.25252888,644.7084728
K01-12138-1 (K01TBN1),NA,NA,268.272,0.0344,LAGUNA NIGUEL,NA,Yes,LAGUNA NIGUEL,100,90.83218137,90.83226167
K01-12155-1,NA,NA,0,4.4e-4,LAGUNA NIGUEL,NA,Unknown,LAGUNA NIGUEL,100,63.75808645,63.75814281
K01-12159-2,NA,NA,5246.207999999999,0.154127,DANA POINT,1,Yes,DANA POINT,100,NA,NA
K01-12159-3,NA,NA,417.312,0.021493,DANA POINT,1,Yes,DANA POINT,100,NA,NA
K01-12177-1 (K01P07),NA,NA,4419.036,0.246265,LAGUNA NIGUEL,1,Yes,LAGUNA NIGUEL,100,512.43104875,512.4315018
L01-218-4,NA,NA,1475.4959999999999,0.02282,RANCHO SANTA MARGARITA,NA,Yes,RANCHO SANTA MARGARITA,100,37.33151421,37.33154721
L01-223-1 (L08TBN1),NA,NA,24.830063999999993,0.049092,RANCHO SANTA MARGARITA,NA,Yes,ORANGE CO,4.285274231,136.87916674,5.865652846
L01-223-1 (L08TBN1),NA,NA,24.830063999999993,0.049092,RANCHO SANTA MARGARITA,NA,Yes,RANCHO SANTA MARGARITA,95.71472594,136.87916674,131.0136351
L01-303-4,NA,NA,1102.8959999999997,0.020775,ORANGE CO,NA,Yes,ORANGE CO,100,NA,NA
L01-335-1,NA,NA,192.686364,0.01107,ORANGE CO,NA,Yes,ORANGE CO,79.80262992,442.4725473,353.1050416
L01-335-1,NA,NA,192.686364,0.01107,ORANGE CO,NA,Yes,RANCHO SANTA MARGARITA,20.19737008,442.4725473,89.36789689
L01-340-1,NA,NA,462.50837999999993,0.052773,ORANGE CO,1,Yes,ORANGE CO,98.78639742,169.47171779,167.4151527
L01-340-1,NA,NA,462.50837999999993,0.052773,ORANGE CO,1,Yes,RANCHO SANTA MARGARITA,1.213602575,169.47171779,2.05671495
L01-391-3,NA,NA,1242.0099359999997,0.012479,ORANGE CO,NA,Yes,ORANGE CO,100,85.50832944,85.50840504
L01-404-1,NA,NA,3268.3577759999994,0.08469,ORANGE CO,1,Yes,ORANGE CO,100,237.79044171,237.7906519
L01-404-2,NA,NA,1251.936,0.06365,ORANGE CO,NA,Yes,ORANGE CO,100,NA,NA
L01-414-2,NA,NA,0,0,ORANGE CO,NA,Unknown,ORANGE CO,100,6.92037064,6.920376761
L01-414-3,NA,NA,894.2399999999998,0.232035,ORANGE CO,NA,Yes,ORANGE CO,100.0000001,86.8482772,86.84835409
L01-458-1,NA,NA,0,6.75e-4,ORANGE CO,NA,Unknown,ORANGE CO,100,600.45529611,600.4558269
L01-471-1,NA,NA,0,0.001375,ORANGE CO,NA,Unknown,ORANGE CO,100,319.331511,319.3317933
L01-494-1,NA,NA,5350.535999999999,0.095255,ORANGE CO,NA,Yes,ORANGE CO,100,298.6999359,298.7002
L01-514-1,NA,NA,286.1568,0.019417,ORANGE CO,NA,Yes,ORANGE CO,100,267.40709935,267.4073357
L01-517-6,NA,NA,1102.8959999999997,0.02934,ORANGE CO,NA,Yes,ORANGE CO,100,13.85397146,13.85398371
L01-517-7,NA,NA,0,0.001777,ORANGE CO,NA,Unknown,ORANGE CO,100,141.90900182,141.9091273
L01-556-1,NA,NA,685.2263039999999,0.004752,SAN JUAN CAPISTRANO,NA,Yes,SAN JUAN CAPISTRANO,100,96.73680063,96.73688615
L01-601-1,NA,NA,0,0,SAN JUAN CAPISTRANO,NA,Unknown,SAN JUAN CAPISTRANO,100,10.8002002,10.80020974
L01-618-4,NA,NA,0,0,SAN JUAN CAPISTRANO,NA,Unknown,SAN JUAN CAPISTRANO,100,108.67944992,108.679546
L01-618-5 (L01S09),NA,NA,244.48521599999998,0.018739,SAN JUAN CAPISTRANO,NA,Yes,SAN JUAN CAPISTRANO,100,393.00595298,393.0063004
L01-724-1 (L01S01),NA,NA,4233.928319999999,0.083773,SAN JUAN CAPISTRANO,1,Yes,DANA POINT,36.30009378,283.40904032,102.8778384
L01-724-1 (L01S01),NA,NA,4233.928319999999,0.083773,SAN JUAN CAPISTRANO,1,Yes,LAGUNA NIGUEL,25.77911591,283.40904032,73.0604096
L01-724-1 (L01S01),NA,NA,4233.928319999999,0.083773,SAN JUAN CAPISTRANO,1,Yes,SAN JUAN CAPISTRANO,37.92078556,283.40904032,107.4710295
L01-724-4 (L01P03),NA,NA,5156.0388,0.124156,SAN JUAN CAPISTRANO,1,Yes,LAGUNA NIGUEL,29.00896475,349.72191376,101.4507964
L01-724-4 (L01P03),NA,NA,5156.0388,0.124156,SAN JUAN CAPISTRANO,1,Yes,SAN JUAN CAPISTRANO,70.99103534,349.72191376,248.2714269
L01-726-3,NA,NA,0,0,DANA POINT,NA,Unknown,SAN JUAN CAPISTRANO,100,11.88573163,11.88574213
L01-726-5,NA,NA,372.5999999999999,0.01097,DANA POINT,1,Yes,DANA POINT,93.73312978,68.90709888,64.58883753
L01-726-5,NA,NA,372.5999999999999,0.01097,DANA POINT,1,Yes,SAN JUAN CAPISTRANO,6.26686923,68.90709888,4.318321595
L01-726-6,NA,NA,0,0,DANA POINT,NA,Unknown,DANA POINT,90.70659762,6.21310567,5.635701739
L01-726-6,NA,NA,0,0,DANA POINT,NA,Unknown,SAN JUAN CAPISTRANO,9.293403178,6.21310567,0.57740947
L01-726-7,NA,NA,0,0,DANA POINT,NA,Unknown,SAN JUAN CAPISTRANO,100,5.74416805,5.744173127
L01-726-8,NA,NA,343.92470399999996,4.8e-4,SAN JUAN CAPISTRANO,NA,Unknown,SAN JUAN CAPISTRANO,100,32.32890123,32.32892981
L01-726-9,NA,NA,0,0,SAN JUAN CAPISTRANO,NA,Unknown,SAN JUAN CAPISTRANO,100,89.27240799,89.27248691
L01-727-1 (L01S04),NA,NA,0,0.065621,DANA POINT,NA,Unknown,DANA POINT,92.73717517,458.4026999,425.1100906
L01-727-1 (L01S04),NA,NA,0,0.065621,DANA POINT,NA,Unknown,LAGUNA NIGUEL,7.26282481,458.4026999,33.29301445
L01-727-2,NA,NA,0,0,DANA POINT,NA,Unknown,DANA POINT,100,0.72723724,0.727237887
L01-728-4,NA,NA,625.968,0.007,DANA POINT,NA,Unknown,DANA POINT,100,79.2189438,NA
L01-728-5 (L01-DP),NA,NA,476.928,0.012099,DANA POINT,1,Yes,DANA POINT,100,24.72372499,24.72374684
L01-728-6,NA,NA,0,0,DANA POINT,NA,Unknown,DANA POINT,100,4.46590424,4.465908189
L01-728-7 (L01S03),NA,NA,1395.0144,0.153355,DANA POINT,NA,Yes,DANA POINT,5.459020382,185.67562068,10.13607894
L01-728-7 (L01S03),NA,NA,1395.0144,0.153355,DANA POINT,NA,Yes,SAN JUAN CAPISTRANO,94.5409795,185.67562068,175.5397057
L01-728-8d,NA,NA,0,0,DANA POINT,NA,Unknown,DANA POINT,100,NA,NA
L01-728-9,NA,NA,0,0,DANA POINT,NA,Unknown,DANA POINT,100,NA,NA
L01-730-1,NA,NA,357.69599999999997,0.023405,RANCHO SANTA MARGARITA,NA,Yes,ORANGE CO,12.81955962,32.58238943,4.17692253
L01-730-1,NA,NA,357.69599999999997,0.023405,RANCHO SANTA MARGARITA,NA,Yes,RANCHO SANTA MARGARITA,87.18044032,32.58238943,28.40549569
L01-731-1 (L08TBN2),NA,NA,52672.34563199999,0.356639,RANCHO SANTA MARGARITA,1,Yes,ORANGE CO,5.866443295,1093.30467632,64.13815558
L01-731-1 (L08TBN2),NA,NA,52672.34563199999,0.356639,RANCHO SANTA MARGARITA,1,Yes,RANCHO SANTA MARGARITA,94.13355663,1093.30467632,1029.167486
L01-733-4,NA,NA,0,0,ORANGE CO,NA,Unknown,ORANGE CO,100,50.68731652,50.68736133
L01-733-5,NA,NA,0,0,ORANGE CO,NA,Unknown,ORANGE CO,100,NA,NA
L01-733-7,NA,NA,3505.4207999999994,0.0588,ORANGE CO,NA,Unknown,ORANGE CO,100,NA,NA
L01-747-2,NA,NA,1876.4583119999998,0.024409,SAN JUAN CAPISTRANO,NA,Yes,ORANGE CO,17.94560662,240.61672041,43.18016829
L01-747-2,NA,NA,1876.4583119999998,0.024409,SAN JUAN CAPISTRANO,NA,Yes,SAN JUAN CAPISTRANO,82.05439338,240.61672041,197.4367648
L01-748-1,NA,NA,0,0,SAN JUAN CAPISTRANO,NA,Unknown,SAN JUAN CAPISTRANO,100,99.91794386,99.91803219
L01-749-3,NA,NA,0,0,SAN JUAN CAPISTRANO,NA,Unknown,SAN JUAN CAPISTRANO,100,41.93011742,41.93015449
L01-749-5,NA,NA,0,0.008383,SAN JUAN CAPISTRANO,NA,Unknown,SAN JUAN CAPISTRANO,100,NA,NA
L01-760-1,NA,NA,365.148,0.015615,ORANGE CO,NA,Yes,ORANGE CO,100,33.51045004,33.51047967
L01-766-2 (L01S06),NA,NA,7397.048952000001,0.179334,SAN JUAN CAPISTRANO,NA,Yes,SAN JUAN CAPISTRANO,99.99999998,245.40622496,245.4064419
L01-766-3,NA,NA,178.84799999999998,0.00798,SAN JUAN CAPISTRANO,NA,Unknown,SAN JUAN CAPISTRANO,100,369.98019559,369.9805227
L01-766-4,NA,NA,0,0.001979,SAN JUAN CAPISTRANO,NA,Unknown,SAN JUAN CAPISTRANO,100,25.87303207,25.87305495
L01-766-5,NA,NA,0,0,SAN JUAN CAPISTRANO,NA,Unknown,SAN JUAN CAPISTRANO,100,63.97582891,63.97588547
L01-766-8,NA,NA,0,0,SAN JUAN CAPISTRANO,NA,Unknown,SAN JUAN CAPISTRANO,100,NA,NA
L02-166-1 (L02PXX),NA,NA,3343.265279999999,0.041916,RANCHO SANTA MARGARITA,NA,Yes,MISSION VIEJO,5.462000754,77.28378749,4.221244787
L02-166-1 (L02PXX),NA,NA,3343.265279999999,0.041916,RANCHO SANTA MARGARITA,NA,Yes,RANCHO SANTA MARGARITA,94.53799939,77.28378749,73.06261114
L02-166-2 (L02P25),NA,NA,3795.668748,0.243318,RANCHO SANTA MARGARITA,NA,Yes,MISSION VIEJO,33.47599172,363.95293383,121.8369617
L02-166-2 (L02P25),NA,NA,3795.668748,0.243318,RANCHO SANTA MARGARITA,NA,Yes,RANCHO SANTA MARGARITA,66.5240082,363.95293383,242.1162936
L02-166-3 (L02P26),NA,NA,1338.6623759999998,0.176934,RANCHO SANTA MARGARITA,1,Yes,ORANGE CO,0.561546905,494.68519995,2.777891884
L02-166-3 (L02P26),NA,NA,1338.6623759999998,0.176934,RANCHO SANTA MARGARITA,1,Yes,RANCHO SANTA MARGARITA,99.43845321,494.68519995,491.907746
L02-204-1 (L02P45),NA,NA,632.317104,0.021742,RANCHO SANTA MARGARITA,NA,Yes,RANCHO SANTA MARGARITA,100,53.98208335,53.98213107
L02-246-1 (L11P01),NA,NA,4135.859999999999,0.046996,RANCHO SANTA MARGARITA,1,Yes,RANCHO SANTA MARGARITA,100,228.03010278,228.0303044
L02-344-2,NA,NA,3576.959999999999,0.408144,ORANGE CO,NA,Yes,ORANGE CO,100,NA,NA
L02-359-1 (L02P43),NA,NA,268.272,0.010162,ORANGE CO,NA,Yes,MISSION VIEJO,99.12347837,92.45754976,91.64722036
L02-359-1 (L02P43),NA,NA,268.272,0.010162,ORANGE CO,NA,Yes,ORANGE CO,0.876521628,92.45754976,0.810411137
L02-366-1 (MVL02P14),NA,NA,875.6099999999999,0.023387,MISSION VIEJO,NA,Yes,MISSION VIEJO,100,198.82243813,NA
L02-502-1,NA,NA,0,0.026428,SAN JUAN CAPISTRANO,NA,Unknown,MISSION VIEJO,2.076270077,371.7262534,7.718047791
L02-502-1,NA,NA,0,0.026428,SAN JUAN CAPISTRANO,NA,Unknown,ORANGE CO,25.20341608,371.7262534,93.68779714
L02-502-1,NA,NA,0,0.026428,SAN JUAN CAPISTRANO,NA,Unknown,SAN JUAN CAPISTRANO,72.7203139,371.7262534,270.3207373
L02-502-5,NA,NA,0,0,SAN JUAN CAPISTRANO,NA,Unknown,SAN JUAN CAPISTRANO,100,NA,NA
L02-541-2,NA,NA,0,0,SAN JUAN CAPISTRANO,NA,Unknown,SAN JUAN CAPISTRANO,100,7.06807992,7.068086166
L02-541-7,NA,NA,0,0,SAN JUAN CAPISTRANO,NA,Unknown,SAN JUAN CAPISTRANO,100,24.77553865,24.77556055
L02-541-9 (L02P02),NA,NA,3010.421699999999,0.048641,SAN JUAN CAPISTRANO,NA,Yes,SAN JUAN CAPISTRANO,100,222.36515452,222.3653511
L02-641-2,NA,NA,11461.176,0.384827,RANCHO SANTA MARGARITA,1,Yes,ORANGE CO,0.587888306,926.34500026,5.44587874
L02-641-2,NA,NA,11461.176,0.384827,RANCHO SANTA MARGARITA,1,Yes,RANCHO SANTA MARGARITA,99.41211166,926.34500026,920.8999402
L03-142-1 (L03P24),NA,NA,282.006036,0.018174,RANCHO SANTA MARGARITA,NA,Yes,ORANGE CO,99.82087577,255.6287671,255.1710996
L03-142-1 (L03P24),NA,NA,282.006036,0.018174,RANCHO SANTA MARGARITA,NA,Yes,RANCHO SANTA MARGARITA,0.179123703,255.6287671,0.457892119
L03-214-2 (L03P18),NA,NA,6319.295999999999,0.566083,MISSION VIEJO,1,Yes,MISSION VIEJO,95.45320027,1483.91003393,1416.440869
L03-214-2 (L03P18),NA,NA,6319.295999999999,0.566083,MISSION VIEJO,1,Yes,RANCHO SANTA MARGARITA,4.546799732,1483.91003393,67.47047709
L03-240-1 (L03P14),NA,NA,843.9240959999998,0.019278,MISSION VIEJO,NA,Yes,MISSION VIEJO,100,343.94004359,NA
L03-241-3,NA,NA,24923.363039999997,0.418065,MISSION VIEJO,NA,Unknown,MISSION VIEJO,100,722.06959077,NA
L03-316-1,NA,NA,1142.033904,0.041047,MISSION VIEJO,NA,Yes,MISSION VIEJO,100,22.65150986,22.65152989
L03-316-3 (L03P12),NA,NA,2891.3759999999993,0.249529,MISSION VIEJO,1,Yes,MISSION VIEJO,99.99999995,361.42380014,361.4241195
L03-418-1,NA,NA,1659.7317959999998,0.066361,LAGUNA NIGUEL,NA,Yes,LAGUNA NIGUEL,5.475663849,123.71430811,6.774185634
L03-418-1,NA,NA,1659.7317959999998,0.066361,LAGUNA NIGUEL,NA,Yes,MISSION VIEJO,94.52433574,123.71430811,116.9402313
L03-418-3,NA,NA,0,7.22e-4,LAGUNA NIGUEL,NA,Unknown,LAGUNA NIGUEL,100,6.6378544,6.637860272
L03-418-8,NA,NA,5907.409056,0.134285,LAGUNA NIGUEL,1,Yes,LAGUNA NIGUEL,9.876554085,210.54842175,20.79494713
L03-418-8,NA,NA,5907.409056,0.134285,LAGUNA NIGUEL,1,Yes,MISSION VIEJO,90.12344547,210.54842175,189.7536598
L03-455-2,NA,NA,369.6192,0.006273,SAN JUAN CAPISTRANO,NA,Yes,SAN JUAN CAPISTRANO,100,45.63681477,45.63685511
L03-455-3 (L03P37),NA,NA,0,0,SAN JUAN CAPISTRANO,NA,Unknown,LAGUNA NIGUEL,4.200759936,72.14698507,3.030724323
L03-455-3 (L03P37),NA,NA,0,0,SAN JUAN CAPISTRANO,NA,Unknown,MISSION VIEJO,60.02596233,72.14698507,43.30696036
L03-455-3 (L03P37),NA,NA,0,0,SAN JUAN CAPISTRANO,NA,Unknown,SAN JUAN CAPISTRANO,35.77328003,72.14698507,25.80936582
L03-455-4,NA,NA,0,0,SAN JUAN CAPISTRANO,NA,Unknown,SAN JUAN CAPISTRANO,100,NA,NA
L03-455-5,NA,NA,0,0.006815,LAGUNA NIGUEL,NA,Unknown,LAGUNA NIGUEL,88.43637715,23.75471305,21.0078262
L03-455-5,NA,NA,0,0.006815,LAGUNA NIGUEL,NA,Unknown,SAN JUAN CAPISTRANO,11.56362628,23.75471305,2.746908669
L03-455-6,NA,NA,0,0,LAGUNA NIGUEL,NA,Unknown,LAGUNA NIGUEL,82.19683381,5.33953354,4.38893139
L03-455-6,NA,NA,0,0,LAGUNA NIGUEL,NA,Unknown,MISSION VIEJO,17.76583201,5.33953354,0.948613397
L03-455-6,NA,NA,0,0,LAGUNA NIGUEL,NA,Unknown,SAN JUAN CAPISTRANO,0.037321744,5.33953354,0.001992809
L03-455-7,NA,NA,786.7150919999999,0.054716,LAGUNA NIGUEL,NA,Yes,LAGUNA NIGUEL,85.95696177,64.2143521,55.19675488
L03-455-7,NA,NA,786.7150919999999,0.054716,LAGUNA NIGUEL,NA,Yes,SAN JUAN CAPISTRANO,14.04303869,64.2143521,9.017654281
L03-693-1 (L03P11),NA,NA,976.2119999999999,0.090433,MISSION VIEJO,NA,Yes,MISSION VIEJO,100,279.81210476,279.8123521
L03-708-1,NA,NA,1172.4479999999999,0.018177,LAGUNA NIGUEL,NA,Yes,LAGUNA HILLS,0.312130536,108.98900254,0.340188259
L03-708-1,NA,NA,1172.4479999999999,0.018177,LAGUNA NIGUEL,NA,Yes,LAGUNA NIGUEL,99.68786762,108.98900254,108.6489086
L03-708-11 (L03P05),NA,NA,4108.906115999999,0.133617,LAGUNA NIGUEL,NA,Yes,LAGUNA HILLS,98.82675596,171.70778799,169.6933866
L03-708-11 (L03P05),NA,NA,4108.906115999999,0.133617,LAGUNA NIGUEL,NA,Yes,LAGUNA NIGUEL,1.173244193,171.70778799,2.014553432
L03-708-13,NA,NA,3187.1607839999997,0.043565,LAGUNA NIGUEL,NA,Yes,MISSION VIEJO,100,64.06432828,64.06438492
L03-708-5,NA,NA,0,0.006287,LAGUNA NIGUEL,NA,Unknown,LAGUNA NIGUEL,78.20762138,28.84826742,22.5615637
L03-708-5,NA,NA,0,0.006287,LAGUNA NIGUEL,NA,Unknown,MISSION VIEJO,21.792378,28.84826742,6.28672904
L03-708-9,NA,NA,337.672476,0.045486,LAGUNA NIGUEL,NA,Yes,LAGUNA NIGUEL,100,NA,NA
L04-136-1u (L04P07),NA,NA,10509.495984000001,0.228296,MISSION VIEJO,NA,Yes,MISSION VIEJO,100,NA,NA
L04-672-1,NA,NA,4306.381632,0.200871,MISSION VIEJO,1,Yes,MISSION VIEJO,100,NA,NA
L04-702-1 (L04P02),NA,NA,3406.6370880000004,0.022439,MISSION VIEJO,NA,Yes,LAGUNA HILLS,99.99999962,84.3662671,84.36634137
L04-702-4,NA,NA,0,0,MISSION VIEJO,NA,Unknown,LAGUNA HILLS,56.399775,374.77459069,211.3722128
L04-702-4,NA,NA,0,0,MISSION VIEJO,NA,Unknown,MISSION VIEJO,43.60022493,374.77459069,163.402709
L05-049-1,NA,NA,19312.141176000005,1.074799,ORANGE CO,1,Yes,ORANGE CO,100,478.27356101,478.2739839
L05-049-2,NA,NA,13985.9136,0.293041,ORANGE CO,NA,Yes,ORANGE CO,100,NA,NA
L05-489-3d,NA,NA,119703.35390399999,2.136918,ORANGE CO,NA,Yes,ORANGE CO,100,1930.33211516,1930.332115
L05-489-7,NA,NA,1073.088,0.093024,ORANGE CO,NA,Yes,ORANGE CO,100,92.32955997,92.32964159
L05-503-1,NA,NA,3832.4741759999997,0.057778,SAN JUAN CAPISTRANO,1,Yes,SAN JUAN CAPISTRANO,100,NA,NA
LC01-11446-1,NA,NA,429.23519999999996,0.017,LAGUNA BEACH,NA,Yes,LAGUNA BEACH,39.36702966,178.33264473,70.20432721
LC01-11446-1,NA,NA,429.23519999999996,0.017,LAGUNA BEACH,NA,Yes,ORANGE CO,55.76166121,178.33264473,99.4413331
LC02-11508-2,NA,NA,488.79158399999994,0.02265,LAGUNA BEACH,NA,Yes,LAGUNA BEACH,100,NA,NA
LC02-11508-3,NA,NA,0,0,LAGUNA BEACH,NA,Unknown,LAGUNA BEACH,14.21275699,319.65476129,45.43179461
LC02-11508-3,NA,NA,0,0,LAGUNA BEACH,NA,Unknown,ORANGE CO,85.78724286,319.65476129,274.2232488
LC03-11515-1,NA,NA,1070.822592,0.008369,LAGUNA BEACH,NA,Yes,LAGUNA BEACH,100,NA,NA
LC05-11017-1,NA,NA,0,0,LAGUNA BEACH,NA,Unknown,LAGUNA BEACH,100,63.88315303,63.88320951
LC06-11019-1,NA,NA,3655.951199999999,0.028496,LAGUNA BEACH,NA,Yes,LAGUNA BEACH,89.62558449,60.81426308,54.50518693
LC06-11019-1,NA,NA,3655.951199999999,0.028496,LAGUNA BEACH,NA,Yes,ORANGE CO,9.731511351,60.81426308,5.918152147
M00.1-071-2 (M00S04),NA,NA,0,0.072122,SAN CLEMENTE,NA,Unknown,SAN CLEMENTE,100.0000001,416.85960898,416.8599777
M00.2-066-1 (M00S07),NA,NA,372.59999999999997,0.014322,SAN CLEMENTE,NA,Yes,SAN CLEMENTE,99.98882995,136.33710933,136.3220009
M01-038-3,NA,NA,572.850144,0.005304,SAN CLEMENTE,NA,Yes,SAN CLEMENTE,100,NA,NA
M01-038-6,NA,NA,288.153936,0.013791,SAN CLEMENTE,NA,Yes,SAN CLEMENTE,100,NA,NA
M01-042-1 (M01S01),NA,NA,59.616,0.015022,SAN CLEMENTE,1,Yes,SAN CLEMENTE,100,195.65162657,195.6517995
M01-047-1,NA,NA,24674.674895999997,0.350968,SAN CLEMENTE,1,Yes,SAN CLEMENTE,100,719.38131871,719.3819547
M01-050-4 (M01@CGV),NA,NA,695.5199999999999,0.05849,SAN CLEMENTE,NA,Yes,SAN CLEMENTE,100,105.0882966,105.0883895
M01-050-7,NA,NA,0.23846399999999995,4e-6,SAN CLEMENTE,NA,Unknown,SAN CLEMENTE,100,NA,NA
M01-060-3,NA,NA,39353.65430399999,0.743988,DANA POINT,NA,Yes,DANA POINT,0.059502384,4545.77136968,2.704844705
M01-060-3,NA,NA,39353.65430399999,0.743988,DANA POINT,NA,Yes,ORANGE CO,13.88784564,4545.77136968,631.310269
M01-060-3,NA,NA,39353.65430399999,0.743988,DANA POINT,NA,Yes,SAN CLEMENTE,68.75086744,4545.77136968,3125.260011
M01-060-3,NA,NA,39353.65430399999,0.743988,DANA POINT,NA,Yes,SAN JUAN CAPISTRANO,17.30178443,4545.77136968,786.5002582
M01-099-1,NA,NA,327.888,0.03559,SAN CLEMENTE,NA,Yes,SAN CLEMENTE,100,NA,NA
M01-124-2,NA,NA,178.848,0.019404,SAN CLEMENTE,NA,Yes,SAN CLEMENTE,100,NA,NA
M01-124-4,NA,NA,71.5392,6e-4,SAN CLEMENTE,NA,Unknown,SAN CLEMENTE,100,NA,NA
M02-032-1,NA,NA,11593.8216,0.234014,SAN CLEMENTE,1,Yes,SAN CLEMENTE,100,130.87560514,130.8757208
M02-052-3,NA,NA,119.232,0.110413,SAN CLEMENTE,NA,Yes,SAN CLEMENTE,100,178.5046065,178.5047643
M02-061-5,NA,NA,0,0,SAN CLEMENTE,NA,Unknown,SAN CLEMENTE,100,3.75049186,3.750495173
M02-085-1 (M02P06),NA,NA,804.8159999999999,0.06651,SAN CLEMENTE,1,Yes,ORANGE CO,0.069288022,372.59706323,0.258165364
M02-085-1 (M02P06),NA,NA,804.8159999999999,0.06651,SAN CLEMENTE,1,Yes,SAN CLEMENTE,99.93071197,372.59706323,372.3392272
M02-085-2,NA,NA,1758.672,0.201592,SAN CLEMENTE,1,Yes,SAN CLEMENTE,100,199.86814555,199.8683222
M02-142-1,NA,NA,0,0,SAN CLEMENTE,NA,Unknown,SAN CLEMENTE,100,NA,NA
SC02-072-1,NA,NA,0,0,SAN CLEMENTE,NA,Unknown,SAN CLEMENTE,100,4.79491375,4.794917985
SC03-067-1,NA,NA,0,0,SAN CLEMENTE,NA,Unknown,SAN CLEMENTE,99.95606465,174.71237258,174.6357665
SC06-146-1 (M00P02),NA,NA,217.658016,0.003017,SAN CLEMENTE,NA,Yes,SAN CLEMENTE,100.0000005,26.41299244,26.41301593
SC07-079-4,NA,NA,402.4079999999999,0.00694,SAN CLEMENTE,NA,Yes,SAN CLEMENTE,100,1.06690053,1.066901477
SC10-075-1 (M00P05),NA,NA,357.69599999999997,0.006323,DANA POINT,NA,Yes,DANA POINT,89.808013,83.2555747,74.77024345
SC10-075-1 (M00P05),NA,NA,357.69599999999997,0.006323,DANA POINT,NA,Yes,SAN CLEMENTE,10.19198624,83.2555747,8.485404217
SC11-026-1 (M00P01),NA,NA,238.464,0.060573,DANA POINT,NA,Unknown,DANA POINT,67.05890861,305.38811884,204.7901206
SC11-026-1 (M00P01),NA,NA,238.464,0.060573,DANA POINT,NA,Unknown,SAN CLEMENTE,31.34739098,305.38811884,95.73129226
SC11-026-1 (M00P01),NA,NA,238.464,0.060573,DANA POINT,NA,Unknown,SAN JUAN CAPISTRANO,1.593700313,305.38811884,4.866975708
SC11-035-2d,NA,NA,0,0,DANA POINT,NA,Unknown,DANA POINT,100,NA,NA
SC11-035-3d,NA,NA,0,0,DANA POINT,NA,Unknown,DANA POINT,100,NA,NA
SC12-068-2,NA,NA,811.2843359999999,0.008401,SAN CLEMENTE,NA,Yes,SAN CLEMENTE,100,81.31475636,81.31482824
SC12-068-4,NA,NA,9.180864,0.0089,SAN CLEMENTE,NA,Unknown,SAN CLEMENTE,99.98312968,16.13226718,16.12955987
J01-9273-1,NA,NA,0,0.00103,LAGUNA WOODS,1,Yes,LAGUNA HILLS,5.183103927,30.68945533,1.590667771
J01-9273-1,NA,NA,0,0.00103,LAGUNA WOODS,1,Yes,LAGUNA WOODS,94.81689767,30.68945533,29.09881518
J01-9364-3 (J01P21),NA,NA,317375.97119999997,3.673333,ORANGE CO,NA,Yes,ALISO VIEJO,99.79799461,167.87337148,167.5344063
J01-9364-3 (J01P21),NA,NA,317375.97119999997,3.673333,ORANGE CO,NA,Yes,LAGUNA NIGUEL,0.20163074,167.87337148,0.33848462
J01-9364-3 (J01P21),NA,NA,317375.97119999997,3.673333,ORANGE CO,NA,Yes,ORANGE CO,3.74759e-4,167.87337148,6.2912e-4
L02-401-2 (COL02P55),NA,NA,NA,NA,ORANGE CO,NA,Yes,ORANGE CO,100,116.86311828,116.8632216
J01-9144-4 (J01P26),NA,NA,385.77600000000007,0.004465,ALISO VIEJO,NA,Yes,ALISO VIEJO,100,193.49295991,193.493131
L02-640-1 (L11P02),NA,NA,14111.9712,0.163333,RANCHO SANTA MARGARITA,NA,Yes,RANCHO SANTA MARGARITA,100,508.84556392,508.8460138
J01-9264-1 (J01P06),NA,NA,NA,NA,LAKE FOREST,NA,Yes,LAKE FOREST,92.08498047,680.93059513,627.0353599
J01-9046-3,NA,NA,248.91839999999996,0.002881,LAKE FOREST,NA,Yes,LAKE FOREST,100,15.52791748,15.52793121
J01-10004-2,NA,NA,65.1456,7.54e-4,LAKE FOREST,NA,Yes,LAKE FOREST,100,11.76218814,11.76219854
J01-9275-1,NA,NA,259.2,0.003,LAKE FOREST,NA,Unknown,LAKE FOREST,99.64416058,27.09901317,27.00260807
J01-9275-1,NA,NA,259.2,0.003,LAKE FOREST,NA,Unknown,MISSION VIEJO,0.355841536,27.09901317,0.09642963
J01-10041-2 (J03P13),NA,NA,211896,2.4525,LAGUNA NIGUEL,NA,Yes,LAGUNA HILLS,0.009690605,374.69432682,0.036310178
J01-10041-2 (J03P13),NA,NA,211896,2.4525,LAGUNA NIGUEL,NA,Yes,LAGUNA NIGUEL,99.9903098,374.69432682,374.6583494
J03-9215-1,NA,NA,NA,NA,LAGUNA NIGUEL,NA,Yes,LAGUNA NIGUEL,100,65.12825351,65.12831109
SC01-077-2,NA,NA,647.9999999999999,0.0075,SAN CLEMENTE,NA,Unknown,SAN CLEMENTE,100,NA,NA
SC01-077-1,NA,NA,4587.6672,0.053098,SAN CLEMENTE,NA,Yes,SAN CLEMENTE,100,48.74950277,48.74954587
J01-9313-1,NA,NA,4320,0.05,ALISO VIEJO,NA,Yes,ALISO VIEJO,99.21825221,137.37665275,136.3028343
J01-9313-1,NA,NA,4320,0.05,ALISO VIEJO,NA,Yes,ORANGE CO,0.781746628,137.37665275,1.073938299
I01-11487-2,NA,NA,723.6,0.008375,LAGUNA BEACH,NA,Unknown,LAGUNA BEACH,100.0000001,134.7247304,134.7248497
I00-11437-1,NA,NA,7487.942400000001,0.086666000000000007,LAGUNA BEACH,1,Yes,LAGUNA BEACH,96.47184583,605.19208238,583.8404889
I00-11437-1,NA,NA,7487.942400000001,0.086666000000000007,LAGUNA BEACH,1,Yes,ORANGE CO,3.528154171,605.19208238,21.35212857
I01-11502-1,NA,NA,NA,NA,ALISO VIEJO,NA,Yes,LAGUNA BEACH,94.54079859,25.92502892,24.50975105
I01-11502-1,NA,NA,NA,NA,ALISO VIEJO,NA,Yes,LAGUNA WOODS,5.45919891,25.92502892,1.415300148
I01-11216-1 (I02P13),NA,NA,NA,NA,ALISO VIEJO,NA,Yes,ALISO VIEJO,85.52948144,231.31390007,197.8417541
I01-11216-1 (I02P13),NA,NA,NA,NA,ALISO VIEJO,NA,Yes,LAGUNA WOODS,12.7806056,231.31390007,29.5633434
I01-11216-2 (I02P12),NA,NA,NA,NA,ALISO VIEJO,NA,Yes,ALISO VIEJO,100,NA,NA
I01-11216-3,NA,NA,NA,NA,ALISO VIEJO,NA,Yes,ALISO VIEJO,27.53095221,4.87418855,1.341911705
I01-11216-3,NA,NA,NA,NA,ALISO VIEJO,NA,Yes,LAGUNA WOODS,72.46900588,4.87418855,3.532279107
I01-11216-4 (I02P14),NA,NA,NA,NA,ALISO VIEJO,NA,Yes,ALISO VIEJO,100,NA,NA
M00.1-070-4,NA,NA,NA,0,SAN CLEMENTE,NA,Unknown,SAN CLEMENTE,100,137.0917445,137.0918657
M00.1-071-3 (M00S04),NA,NA,3821.3856,0.044229,SAN CLEMENTE,NA,Yes,SAN CLEMENTE,100.0000016,101.01259909,101.01269
SC05-073-1,NA,NA,603.5039999999999,0.006985,SAN CLEMENTE,NA,Unknown,SAN CLEMENTE,100.0000016,124.43649592,124.4366079
M02-102-1,NA,NA,3801.5999999999995,0.044,SAN CLEMENTE,NA,Yes,ORANGE CO,3.840670819,4825.00118255,185.3125762
M02-102-1,NA,NA,3801.5999999999995,0.044,SAN CLEMENTE,NA,Yes,SAN CLEMENTE,96.15932919,4825.00118255,4639.692872
M02-013-1,NA,NA,NA,NA,SAN CLEMENTE,NA,Yes,SAN CLEMENTE,100,43.17862585,43.17866403
L01-618-3,NA,NA,NA,0,SAN JUAN CAPISTRANO,NA,Unknown,SAN JUAN CAPISTRANO,100,6.92800257,6.92800869
L01-618-2,NA,NA,NA,NA,SAN JUAN CAPISTRANO,NA,Yes,SAN JUAN CAPISTRANO,100,399.49209345,399.4924467
L01-618-1,NA,NA,6998.4000000000005,0.081,SAN JUAN CAPISTRANO,NA,Yes,SAN JUAN CAPISTRANO,100,92.62287102,92.6229529
L01-602-2,NA,NA,NA,NA,SAN JUAN CAPISTRANO,NA,Yes,SAN JUAN CAPISTRANO,100,62.42339564,62.42345082
L02-571-1,NA,NA,NA,0,SAN JUAN CAPISTRANO,NA,Unknown,SAN JUAN CAPISTRANO,99.9999999,36.03365204,36.03368386
L02-571-3,NA,NA,52.4448,6.07e-4,SAN JUAN CAPISTRANO,NA,Unknown,SAN JUAN CAPISTRANO,100,7.43114254,7.431149107
K01-12156-1,NA,NA,NA,NA,LAGUNA NIGUEL,NA,Yes,LAGUNA NIGUEL,100,88.38784859,88.38792673
K01-12156-3,NA,NA,NA,0,LAGUNA NIGUEL,NA,Unknown,LAGUNA NIGUEL,100,130.12073959,130.1208546
L01-724-2,NA,NA,NA,0,SAN JUAN CAPISTRANO,NA,Unknown,SAN JUAN CAPISTRANO,100,16.19787546,NA
L01-517-1,NA,NA,NA,0,SAN JUAN CAPISTRANO,NA,Unknown,ORANGE CO,91.33564488,163.63320429,149.4555745
L01-517-1,NA,NA,NA,0,SAN JUAN CAPISTRANO,NA,Unknown,SAN JUAN CAPISTRANO,8.664355227,163.63320429,14.17777462
L01-517-2,NA,NA,NA,0,SAN JUAN CAPISTRANO,NA,Unknown,SAN JUAN CAPISTRANO,100,NA,NA
L01-517-3,NA,NA,143.7696,0.001664,ORANGE CO,NA,Yes,ORANGE CO,86.86213464,603.8362612,524.5055299
L01-517-3,NA,NA,143.7696,0.001664,ORANGE CO,NA,Yes,SAN JUAN CAPISTRANO,13.13786535,603.8362612,79.33126506
SM01-086-1 (M03P01),NA,NA,NA,NA,SAN CLEMENTE,NA,Yes,ORANGE CO,0.179452607,219.4891214,0.393879298
SM01-086-1 (M03P01),NA,NA,NA,NA,SAN CLEMENTE,NA,Yes,SAN CLEMENTE,99.82054733,219.4891214,219.095436
M02-028-2 (M02P08),NA,NA,3484.7712,0.040333,SAN CLEMENTE,NA,Yes,ORANGE CO,0.116727935,221.16825465,0.258165364
M02-028-2 (M02P08),NA,NA,3484.7712,0.040333,SAN CLEMENTE,NA,Yes,SAN CLEMENTE,99.88327205,221.16825465,220.9102848
M02-015-1,NA,NA,1811.2896,0.020964,SAN CLEMENTE,NA,Yes,SAN CLEMENTE,100,65.88798185,65.8880401
L01-125-1,NA,NA,NA,NA,RANCHO SANTA MARGARITA,NA,Yes,ORANGE CO,17.10683645,362.07575558,61.93976207
L01-125-1,NA,NA,NA,NA,RANCHO SANTA MARGARITA,NA,Yes,RANCHO SANTA MARGARITA,82.89316367,362.07575558,300.136314
L01-125-2,NA,NA,1814.3999999999999,0.021,RANCHO SANTA MARGARITA,NA,Yes,ORANGE CO,51.93979406,113.27048633,58.83250935
L01-125-2,NA,NA,1814.3999999999999,0.021,RANCHO SANTA MARGARITA,NA,Yes,RANCHO SANTA MARGARITA,48.06020524,113.27048633,54.43807633
L02-622-2 (L02P32),NA,NA,8908.444800000001,0.103107,RANCHO SANTA MARGARITA,NA,Yes,ORANGE CO,8.122253812,571.54189287,46.42212422
L02-622-2 (L02P32),NA,NA,8908.444800000001,0.103107,RANCHO SANTA MARGARITA,NA,Yes,RANCHO SANTA MARGARITA,91.87774622,571.54189287,525.1202741
L01-261-1,NA,NA,700.0128,0.008102,ORANGE CO,NA,Yes,ORANGE CO,99.85129002,149.63865359,149.4162581
L01-261-1,NA,NA,700.0128,0.008102,ORANGE CO,NA,Yes,RANCHO SANTA MARGARITA,0.148709977,149.63865359,0.222527803
L04-266-1,NA,NA,NA,NA,MISSION VIEJO,NA,Unknown,MISSION VIEJO,100.0000001,54.2802175,54.28026556
J07-9109-1,NA,NA,754.3584,0.008731,MISSION VIEJO,NA,Yes,MISSION VIEJO,100,NA,NA
J07-9109-2,NA,NA,5881.4208,0.068072,MISSION VIEJO,NA,Yes,LAKE FOREST,1.91711778,201.64389276,3.865754338
J07-9109-2,NA,NA,5881.4208,0.068072,MISSION VIEJO,NA,Yes,MISSION VIEJO,98.08288254,201.64389276,197.7783173
L03-691-1 (L03P09),NA,NA,29032.7328,0.336027,MISSION VIEJO,NA,Yes,MISSION VIEJO,99.71740555,505.0272419,503.6005082
L03-691-1 (L03P09),NA,NA,29032.7328,0.336027,MISSION VIEJO,NA,Yes,ORANGE CO,0.28259444,505.0272419,1.42718017
L03-141-1,NA,NA,6242.0544,0.072246,MISSION VIEJO,NA,Yes,MISSION VIEJO,58.38533876,161.39127863,94.22892806
L03-141-1,NA,NA,6242.0544,0.072246,MISSION VIEJO,NA,Yes,RANCHO SANTA MARGARITA,41.61466124,161.39127863,67.16249325
L01-414-1,NA,NA,NA,NA,ORANGE CO,NA,Yes,ORANGE CO,100,41.37487005,41.37490663
L01-733-2,NA,NA,9843.3792,0.113928,ORANGE CO,NA,Yes,ORANGE CO,99.1163795,120.42916661,119.3651353
L01-733-2,NA,NA,9843.3792,0.113928,ORANGE CO,NA,Yes,RANCHO SANTA MARGARITA,0.883620502,120.42916661,1.064137748
M01-003-1,NA,NA,NA,0,ORANGE CO,NA,Unknown,ORANGE CO,100,NA,NA
M01-003-2,NA,NA,NA,0,ORANGE CO,NA,Unknown,ORANGE CO,100,NA,NA
M01-002-1,NA,NA,NA,0,ORANGE CO,NA,Unknown,ORANGE CO,100,NA,NA
L01-747-1,NA,NA,3887.999999999999,0.045,SAN JUAN CAPISTRANO,NA,Yes,SAN JUAN CAPISTRANO,100,132.61552692,132.6156442
L05-489-4,NA,NA,2498.3424,0.028916,ORANGE CO,NA,Yes,ORANGE CO,100,NA,NA
L01-372-1,NA,NA,624.1536000000001,0.007224,ORANGE CO,NA,Yes,ORANGE CO,100,117.6149137,117.6150177
L01-218-1,NA,NA,NA,NA,RANCHO SANTA MARGARITA,NA,Yes,ORANGE CO,1.588868781,66.55096754,1.057408482
L01-218-1,NA,NA,NA,NA,RANCHO SANTA MARGARITA,NA,Yes,RANCHO SANTA MARGARITA,98.41112993,66.55096754,65.49361704
L01-218-2,NA,NA,1830.3839999999998,0.021185,RANCHO SANTA MARGARITA,NA,Yes,RANCHO SANTA MARGARITA,100,32.56312287,32.56315165
L01-218-3,NA,NA,NA,NA,RANCHO SANTA MARGARITA,NA,Yes,RANCHO SANTA MARGARITA,100,58.59506433,58.59511613
J01-9033-1,NA,NA,197.94240000000002,0.002291,LAKE FOREST,NA,Yes,LAKE FOREST,2.750781729,41.10421176,1.130688146
J01-9033-1,NA,NA,197.94240000000002,0.002291,LAKE FOREST,NA,Yes,ORANGE CO,97.24922177,41.10421176,39.97356139
J01-10012-3,NA,NA,NA,0,MISSION VIEJO,NA,Unknown,MISSION VIEJO,19.22071006,31.14614857,5.986516204
J01-10012-3,NA,NA,NA,0,MISSION VIEJO,NA,Unknown,ORANGE CO,60.69089784,31.14614857,18.90289392
J01-10012-3,NA,NA,NA,0,MISSION VIEJO,NA,Unknown,RANCHO SANTA MARGARITA,20.08839263,31.14614857,6.256766146
J04-9249-1,NA,NA,119021.27040000001,1.377561,LAGUNA NIGUEL,NA,Yes,ALISO VIEJO,8.068009599,1643.4542726,132.5941657
J04-9249-1,NA,NA,119021.27040000001,1.377561,LAGUNA NIGUEL,NA,Yes,LAGUNA HILLS,71.83884675,1643.4542726,1180.63964
J04-9249-1,NA,NA,119021.27040000001,1.377561,LAGUNA NIGUEL,NA,Yes,LAGUNA NIGUEL,20.09314366,1643.4542726,330.2219199
L02-502-6,NA,NA,NA,NA,SAN JUAN CAPISTRANO,NA,Unknown,SAN JUAN CAPISTRANO,100,39.57525956,39.57529455
L03-497-1,NA,NA,NA,0,SAN JUAN CAPISTRANO,NA,Unknown,LAGUNA NIGUEL,70.8605139,45.51756325,32.25400775
L03-497-1,NA,NA,NA,0,SAN JUAN CAPISTRANO,NA,Unknown,SAN JUAN CAPISTRANO,29.13948729,45.51756325,13.26359628
L01-727-3,NA,NA,687.6576000000001,0.007959,DANA POINT,NA,Unknown,DANA POINT,100,4.74021882,4.740223007
L02-396-1,NA,NA,2001.2831999999999,0.023163,MISSION VIEJO,NA,Yes,MISSION VIEJO,99.27784457,193.73528575,192.3363859
L02-396-1,NA,NA,2001.2831999999999,0.023163,MISSION VIEJO,NA,Yes,ORANGE CO,0.722154616,193.73528575,1.399069546
L01-613-1,NA,NA,501.12,0.0058,DANA POINT,NA,Unknown,DANA POINT,100,NA,NA
LC04-11199-1,NA,NA,NA,NA,LAGUNA BEACH,NA,Unknown,LAGUNA BEACH,100,NA,NA
L03-172-3,NA,NA,NA,NA,MISSION VIEJO,NA,Yes,MISSION VIEJO,100,NA,NA
L01-303-5,NA,NA,942.2784,0.010906,ORANGE CO,NA,Yes,ORANGE CO,100,NA,NA
L01-303-3,NA,NA,NA,NA,ORANGE CO,NA,Yes,ORANGE CO,100,NA,NA
L01-303-2,NA,NA,6048,0.07,ORANGE CO,NA,Yes,ORANGE CO,100,NA,NA
L01-303-1,NA,NA,NA,NA,ORANGE CO,NA,Yes,ORANGE CO,100,NA,NA
L01-517-8,NA,NA,NA,0,SAN JUAN CAPISTRANO,NA,Unknown,SAN JUAN CAPISTRANO,100,NA,NA
SC02-072-4,NA,NA,NA,NA,SAN CLEMENTE,NA,Unknown,SAN CLEMENTE,100,NA,NA
M00.1-070-6,NA,NA,NA,0,SAN CLEMENTE,NA,Unknown,SAN CLEMENTE,100,NA,NA
L01-766-9,NA,NA,15025.305600000003,0.173904,SAN JUAN CAPISTRANO,1,Yes,SAN JUAN CAPISTRANO,100,NA,NA
L03-141-2,NA,NA,506.8224,0.005866,MISSION VIEJO,NA,Yes,MISSION VIEJO,100,NA,NA
L03-141-3,NA,NA,1075.68,0.01245,MISSION VIEJO,NA,Yes,MISSION VIEJO,100,NA,NA
LC05-11017-2,NA,NA,2921.0112,0.033808,LAGUNA BEACH,NA,Unknown,LAGUNA BEACH,100,NA,NA
SC10-075-3 (M00S01),NA,NA,31103.999999999993,0.36,DANA POINT,NA,Unknown,DANA POINT,100,NA,NA
SC09-081-2d,NA,NA,3369.5999999999995,0.039,SAN CLEMENTE,NA,Unknown,SAN CLEMENTE,100,NA,NA
M01-168-1d (M00P03),NA,NA,NA,0,DANA POINT,NA,Unknown,DANA POINT,100,NA,NA
M01-168-2d (M00P03),NA,NA,NA,NA,DANA POINT,NA,Unknown,DANA POINT,100,NA,NA
SC11-035-1d,NA,NA,NA,0,DANA POINT,NA,Unknown,DANA POINT,100,NA,NA
I01-11195-2,NA,NA,18856.800000000003,0.21825,ALISO VIEJO,NA,Unknown,ALISO VIEJO,100,NA,NA
J03-9216-5,NA,NA,NA,NA,LAGUNA NIGUEL,NA,Yes,LAGUNA NIGUEL,100,NA,NA
L01-399-1,NA,NA,NA,0,ORANGE CO,NA,Unknown,ORANGE CO,100,NA,NA
L01-399-2,NA,NA,86.39999999999999,0.001,ORANGE CO,NA,Unknown,ORANGE CO,100,NA,NA
LC01-11480-1,NA,NA,NA,NA,ORANGE CO,NA,Yes,ORANGE CO,100,NA,NA
L01-242-1 (L07P16),NA,NA,NA,NA,ORANGE CO,NA,Yes,ORANGE CO,99.65978637,196.96941954,196.2994763
L01-242-1 (L07P16),NA,NA,NA,NA,ORANGE CO,NA,Yes,RANCHO SANTA MARGARITA,0.340213646,196.96941954,0.670117436
I01-11503-5,NA,NA,NA,NA,ALISO VIEJO,NA,Unknown,ALISO VIEJO,100,NA,NA
