"","EMC_Group","Constituent","Fraction","Units","EMC_WMA_LU"
"1","agriculture","Copper, Total","Dissolved","mg/L",0.00719527585872853
"2","agriculture","Copper, Total","Total","mg/L",0.0437604038606671
"3","agriculture","Fecal coliforms","Total","CFU/100 mL",256.023404167185
"4","agriculture","Lead, Total","Total","mg/L",0.0021372028731155
"5","agriculture","TN","Total","mg/L",24.5529872322297
"6","agriculture","TP","Total","mg/L",2.87445800292234
"7","agriculture","TSS","Total","mg/L",740.140786060247
"8","agriculture","Zinc, Total","Dissolved","mg/L",0.00620536231337152
"9","agriculture","Zinc, Total","Total","mg/L",0.100374639402216
"10","business","Copper, Total","Dissolved","mg/L",0.0100323654057527
"11","business","Copper, Total","Total","mg/L",0.029394369947766
"12","business","Fecal coliforms","Total","CFU/100 mL",19328.2358734024
"13","business","Lead, Total","Total","mg/L",0.0038967854901288
"14","business","TN","Total","mg/L",5.18719646584314
"15","business","TP","Total","mg/L",0.49933870499831
"16","business","TSS","Total","mg/L",77.6835532017719
"17","business","Zinc, Total","Dissolved","mg/L",0.0433960674840674
"18","business","Zinc, Total","Total","mg/L",0.160057453922846
"19","developed open space","Copper, Total","Dissolved","mg/L",0.000440855534574646
"20","developed open space","Copper, Total","Total","mg/L",0.0090266475911997
"21","developed open space","Fecal coliforms","Total","CFU/100 mL",19495.3736274514
"22","developed open space","Lead, Total","Total","mg/L",0.00187875220677776
"23","developed open space","TN","Total","mg/L",5.47492632183716
"24","developed open space","TP","Total","mg/L",0.64640299218976
"25","developed open space","TSS","Total","mg/L",78.1232576588708
"26","developed open space","Zinc, Total","Dissolved","mg/L",0.0104947145715244
"27","developed open space","Zinc, Total","Total","mg/L",0.0179471413630064
"28","highway/arterial","Copper, Total","Dissolved","mg/L",0.023086218954965
"29","highway/arterial","Copper, Total","Total","mg/L",0.109551798093155
"30","highway/arterial","Fecal coliforms","Total","CFU/100 mL",4668.93880551339
"31","highway/arterial","Lead, Total","Total","mg/L",0.035631244373253
"32","highway/arterial","TN","Total","mg/L",7.52610856766388
"33","highway/arterial","TP","Total","mg/L",0.796501633781398
"34","highway/arterial","TSS","Total","mg/L",172.273905884232
"35","highway/arterial","Zinc, Total","Dissolved","mg/L",0.0984843691526706
"36","highway/arterial","Zinc, Total","Total","mg/L",0.58597009784445
"37","multi-family","Copper, Total","Dissolved","mg/L",0.0119373437530491
"38","multi-family","Copper, Total","Total","mg/L",0.0231446929134595
"39","multi-family","Fecal coliforms","Total","CFU/100 mL",21462.9395066657
"40","multi-family","Lead, Total","Total","mg/L",0.00225976421615525
"41","multi-family","TN","Total","mg/L",6.34937162873223
"42","multi-family","TP","Total","mg/L",0.580972217124142
"43","multi-family","TSS","Total","mg/L",48.7034783105918
"44","multi-family","Zinc, Total","Dissolved","mg/L",0.0284035065242653
"45","multi-family","Zinc, Total","Total","mg/L",0.0910587841812683
"46","open space","Copper, Total","Dissolved","mg/L",0.000453838492228103
"47","open space","Copper, Total","Total","mg/L",0.006769226349535
"48","open space","Fecal coliforms","Total","CFU/100 mL",1093.70743392305
"49","open space","Lead, Total","Total","mg/L",0.00140752393560172
"50","open space","TN","Total","mg/L",2.42095064223377
"51","open space","TP","Total","mg/L",0.185969005701945
"52","open space","TSS","Total","mg/L",103.45130068023
"53","open space","Zinc, Total","Dissolved","mg/L",0.0103693713440903
"54","open space","Zinc, Total","Total","mg/L",0.0118699756551192
"55","single family","Copper, Total","Dissolved","mg/L",0.0104749205364652
"56","single family","Copper, Total","Total","mg/L",0.0258965464938464
"57","single family","Fecal coliforms","Total","CFU/100 mL",19674.3405390168
"58","single family","Lead, Total","Total","mg/L",0.00250044089894932
"59","single family","TN","Total","mg/L",5.83233597833937
"60","single family","TP","Total","mg/L",0.637316322943563
"61","single family","TSS","Total","mg/L",93.2354275651122
"62","single family","Zinc, Total","Dissolved","mg/L",0.0149578354593028
"63","single family","Zinc, Total","Total","mg/L",0.0802590938938779
"64","surface street","Copper, Total","Dissolved","mg/L",0.0129490436289561
"65","surface street","Copper, Total","Total","mg/L",0.0291960393689479
"66","surface street","Fecal coliforms","Total","CFU/100 mL",16816.8698329008
"67","surface street","Lead, Total","Total","mg/L",0.00384193785963247
"68","surface street","TN","Total","mg/L",5.5051993037837
"69","surface street","TP","Total","mg/L",0.693166004460297
"70","surface street","TSS","Total","mg/L",76.2763070700395
"71","surface street","Zinc, Total","Dissolved","mg/L",0.0308225614103972
"72","surface street","Zinc, Total","Total","mg/L",0.112163905473116
