"","jurisdicti","Stormwater Volume (acre-ft)"
"1","ALISO VIEJO",909.951647867801
"2","DANA POINT",875.246617268716
"3","LAGUNA BEACH",883.086948944106
"4","LAGUNA HILLS",776.652353537146
"5","LAGUNA NIGUEL",1725.9053085923
"6","LAGUNA WOODS",178.629652894344
"7","LAKE FOREST",686.292721590681
"8","MISSION VIEJO",2462.79304672243
"9","ORANGE CO",6334.61835705937
"10","RANCHO SANTA MARGARITA",1219.51958187321
"11","SAN CLEMENTE",2062.70995376152
"12","SAN JUAN CAPISTRANO",1642.34011121436
