"","jurisdicti","RC_Group","RC","EMC_Group","acres","acres_juris_soc"
"1","ALISO VIEJO","Agriculture",0.222,"agriculture",12.7138452954283,4298.47584855075
"2","ALISO VIEJO","Commercial",0.486,"business",515.223774824843,4298.47584855075
"3","ALISO VIEJO","Developed Open Space",0.217,"developed open space",965.393718907837,4298.47584855075
"4","ALISO VIEJO","Education",0.422,"business",203.840301338744,4298.47584855075
"5","ALISO VIEJO","Freeway",0.45,"highway/arterial",222.667527506175,4298.47584855075
"6","ALISO VIEJO","Light Industrial",0.414,"business",67.4568144399024,4298.47584855075
"7","ALISO VIEJO","Multi-family Residential",0.485,"multi-family",795.049864718987,4298.47584855075
"8","ALISO VIEJO","Open Space",0.078,"open space",274.595590941281,4298.47584855075
"9","ALISO VIEJO","Single Family Residential",0.405,"single family",589.152582310015,4298.47584855075
"10","ALISO VIEJO","Streets and Roads",0.471,"surface street",652.398998243897,4298.47584855075
"11","DANA POINT","Agriculture",0.222,"agriculture",31.2747738683011,4071.56035183926
"12","DANA POINT","Commercial",0.486,"business",356.959524750944,4071.56035183926
"13","DANA POINT","Developed Open Space",0.217,"developed open space",812.386830657293,4071.56035183926
"14","DANA POINT","Education",0.422,"business",62.5792305394666,4071.56035183926
"15","DANA POINT","Freeway",0.45,"highway/arterial",52.3664415067603,4071.56035183926
"16","DANA POINT","Light Industrial",0.414,"business",30.868449558783,4071.56035183926
"17","DANA POINT","Multi-family Residential",0.485,"multi-family",427.335900968798,4071.56035183926
"18","DANA POINT","Open Space",0.078,"open space",136.162809260821,4071.56035183926
"19","DANA POINT","Single Family Residential",0.405,"single family",1438.7518159335,4071.56035183926
"20","DANA POINT","Streets and Roads",0.471,"surface street",701.157564721042,4071.56035183926
"21","DANA POINT","Water",0.797,"water",21.7332860514888,4071.56035183926
"22","IRVINE","Agriculture",0.222,"agriculture",1.75380962222961,96.0512375409385
"23","IRVINE","Developed Open Space",0.217,"developed open space",5.46393507423855,96.0512375409385
"24","IRVINE","Freeway",0.45,"highway/arterial",41.8084378180763,96.0512375409385
"25","IRVINE","Open Space",0.078,"open space",47.015479306227,96.0512375409385
"26","IRVINE","Single Family Residential",0.405,"single family",0.00995174989807072,96.0512375409385
"27","LAGUNA BEACH","Agriculture",0.222,"agriculture",162.946334592908,5632.04105619557
"28","LAGUNA BEACH","Commercial",0.486,"business",226.964104784456,5632.04105619557
"29","LAGUNA BEACH","Developed Open Space",0.217,"developed open space",355.711624109136,5632.04105619557
"30","LAGUNA BEACH","Education",0.422,"business",54.6808145640519,5632.04105619557
"31","LAGUNA BEACH","Freeway",0.45,"highway/arterial",57.2866811505429,5632.04105619557
"32","LAGUNA BEACH","Light Industrial",0.414,"business",22.0894346163698,5632.04105619557
"33","LAGUNA BEACH","Multi-family Residential",0.485,"multi-family",234.870019391799,5632.04105619557
"34","LAGUNA BEACH","Open Space",0.078,"open space",2084.09950149064,5632.04105619557
"35","LAGUNA BEACH","Single Family Residential",0.405,"single family",1877.8150846612,5632.04105619557
"36","LAGUNA BEACH","Streets and Roads",0.471,"surface street",551.592591398358,5632.04105619557
"37","LAGUNA BEACH","Water",0.797,"water",4.00743610584108,5632.04105619557
"38","LAGUNA HILLS","Agriculture",0.222,"agriculture",11.2010159576022,3498.38695982942
"39","LAGUNA HILLS","Commercial",0.486,"business",287.157379039024,3498.38695982942
"40","LAGUNA HILLS","Developed Open Space",0.217,"developed open space",347.40437576847,3498.38695982942
"41","LAGUNA HILLS","Education",0.422,"business",73.2326405853135,3498.38695982942
"42","LAGUNA HILLS","Freeway",0.45,"highway/arterial",99.7787458348112,3498.38695982942
"43","LAGUNA HILLS","Light Industrial",0.414,"business",7.30146843265324,3498.38695982942
"44","LAGUNA HILLS","Multi-family Residential",0.485,"multi-family",194.216091131932,3498.38695982942
"45","LAGUNA HILLS","Open Space",0.078,"open space",134.84765368514,3498.38695982942
"46","LAGUNA HILLS","Single Family Residential",0.405,"single family",1721.65561942729,3498.38695982942
"47","LAGUNA HILLS","Streets and Roads",0.471,"surface street",621.605975430925,3498.38695982942
"48","LAGUNA NIGUEL","Agriculture",0.222,"agriculture",1.56619189939035,9463.77397689814
"49","LAGUNA NIGUEL","Commercial",0.486,"business",588.408342846115,9463.77397689814
"50","LAGUNA NIGUEL","Developed Open Space",0.217,"developed open space",2273.76862990087,9463.77397689814
"51","LAGUNA NIGUEL","Education",0.422,"business",97.3678987363767,9463.77397689814
"52","LAGUNA NIGUEL","Freeway",0.45,"highway/arterial",81.3205061896579,9463.77397689814
"53","LAGUNA NIGUEL","Light Industrial",0.414,"business",65.5444640463553,9463.77397689814
"54","LAGUNA NIGUEL","Multi-family Residential",0.485,"multi-family",713.065645041787,9463.77397689814
"55","LAGUNA NIGUEL","Open Space",0.078,"open space",1601.08317128456,9463.77397689814
"56","LAGUNA NIGUEL","Single Family Residential",0.405,"single family",2765.7103961667,9463.77397689814
"57","LAGUNA NIGUEL","Streets and Roads",0.471,"surface street",1230.53522267671,9463.77397689814
"58","LAGUNA NIGUEL","Water",0.797,"water",45.4413179631413,9463.77397689814
"59","LAGUNA WOODS","Commercial",0.486,"business",12.0418277389004,756.007578894867
"60","LAGUNA WOODS","Developed Open Space",0.217,"developed open space",159.548744278704,756.007578894867
"61","LAGUNA WOODS","Multi-family Residential",0.485,"multi-family",513.443485308054,756.007578894867
"62","LAGUNA WOODS","Open Space",0.078,"open space",7.60646073280201,756.007578894867
"63","LAGUNA WOODS","Single Family Residential",0.405,"single family",0.0217485494085337,756.007578894867
"64","LAGUNA WOODS","Streets and Roads",0.471,"surface street",63.3484042734133,756.007578894867
"65","LAKE FOREST","Agriculture",0.222,"agriculture",9.32361243569725,3303.94339492711
"66","LAKE FOREST","Commercial",0.486,"business",446.969842349303,3303.94339492711
"67","LAKE FOREST","Developed Open Space",0.217,"developed open space",706.565457151663,3303.94339492711
"68","LAKE FOREST","Education",0.422,"business",31.5780182926547,3303.94339492711
"69","LAKE FOREST","Freeway",0.45,"highway/arterial",65.5783849933153,3303.94339492711
"70","LAKE FOREST","Light Industrial",0.414,"business",176.416494162827,3303.94339492711
"71","LAKE FOREST","Multi-family Residential",0.485,"multi-family",393.811277826577,3303.94339492711
"72","LAKE FOREST","Open Space",0.078,"open space",239.371017833358,3303.94339492711
"73","LAKE FOREST","Single Family Residential",0.405,"single family",763.003472495424,3303.94339492711
"74","LAKE FOREST","Streets and Roads",0.471,"surface street",471.338987902166,3303.94339492711
"75","MISSION VIEJO","Agriculture",0.222,"agriculture",1.00567254770062,11525.9343914359
"76","MISSION VIEJO","Commercial",0.486,"business",967.726381067197,11525.9343914359
"77","MISSION VIEJO","Developed Open Space",0.217,"developed open space",2358.40738453499,11525.9343914359
"78","MISSION VIEJO","Education",0.422,"business",541.277637204672,11525.9343914359
"79","MISSION VIEJO","Freeway",0.45,"highway/arterial",527.075697730914,11525.9343914359
"80","MISSION VIEJO","Light Industrial",0.414,"business",131.668853292694,11525.9343914359
"81","MISSION VIEJO","Multi-family Residential",0.485,"multi-family",591.616599300483,11525.9343914359
"82","MISSION VIEJO","Open Space",0.078,"open space",458.209331553236,11525.9343914359
"83","MISSION VIEJO","Single Family Residential",0.405,"single family",4019.29838469913,11525.9343914359
"84","MISSION VIEJO","Streets and Roads",0.471,"surface street",1778.86853368839,11525.9343914359
"85","MISSION VIEJO","Water",0.797,"water",150.826226113332,11525.9343914359
"86","NEWPORT BEACH","Agriculture",0.222,"agriculture",1.05519524822304,130.008767751721
"87","NEWPORT BEACH","Developed Open Space",0.217,"developed open space",11.6726992421556,130.008767751721
"88","NEWPORT BEACH","Freeway",0.45,"highway/arterial",5.10965928189918,130.008767751721
"89","NEWPORT BEACH","Multi-family Residential",0.485,"multi-family",10.6419477568323,130.008767751721
"90","NEWPORT BEACH","Open Space",0.078,"open space",100.7487759561,130.008767751721
"91","NEWPORT BEACH","Streets and Roads",0.471,"surface street",0.78101196783939,130.008767751721
"92","ORANGE CO","Agriculture",0.222,"agriculture",1020.31626145791,94761.1610162615
"93","ORANGE CO","Commercial",0.486,"business",817.736260007596,94761.1610162615
"94","ORANGE CO","Developed Open Space",0.217,"developed open space",5639.91813886575,94761.1610162615
"95","ORANGE CO","Education",0.422,"business",154.316727477916,94761.1610162615
"96","ORANGE CO","Freeway",0.45,"highway/arterial",167.96733726491,94761.1610162615
"97","ORANGE CO","Light Industrial",0.414,"business",353.111858640832,94761.1610162615
"98","ORANGE CO","Multi-family Residential",0.485,"multi-family",428.567757545607,94761.1610162615
"99","ORANGE CO","Open Space",0.078,"open space",79657.5502143161,94761.1610162615
"100","ORANGE CO","Single Family Residential",0.405,"single family",4675.31500172269,94761.1610162615
"101","ORANGE CO","Streets and Roads",0.471,"surface street",1765.65612767124,94761.1610162615
"102","ORANGE CO","Water",0.797,"water",81.0874371151051,94761.1610162615
"103","RANCHO SANTA MARGARITA","Agriculture",0.222,"agriculture",21.8023069976453,8280.21052603778
"104","RANCHO SANTA MARGARITA","Commercial",0.486,"business",429.127822344864,8280.21052603778
"105","RANCHO SANTA MARGARITA","Developed Open Space",0.217,"developed open space",1571.64130660838,8280.21052603778
"106","RANCHO SANTA MARGARITA","Education",0.422,"business",108.944111676869,8280.21052603778
"107","RANCHO SANTA MARGARITA","Freeway",0.45,"highway/arterial",362.935117764579,8280.21052603778
"108","RANCHO SANTA MARGARITA","Light Industrial",0.414,"business",106.570657562573,8280.21052603778
"109","RANCHO SANTA MARGARITA","Multi-family Residential",0.485,"multi-family",452.884251282675,8280.21052603778
"110","RANCHO SANTA MARGARITA","Open Space",0.078,"open space",3180.22245527831,8280.21052603778
"111","RANCHO SANTA MARGARITA","Single Family Residential",0.405,"single family",1166.11756840212,8280.21052603778
"112","RANCHO SANTA MARGARITA","Streets and Roads",0.471,"surface street",812.840005545719,8280.21052603778
"113","RANCHO SANTA MARGARITA","Water",0.797,"water",67.1578890726763,8280.21052603778
"114","SAN CLEMENTE","Agriculture",0.222,"agriculture",5.99388758514654,11739.0161738211
"115","SAN CLEMENTE","Commercial",0.486,"business",507.894061506491,11739.0161738211
"116","SAN CLEMENTE","Developed Open Space",0.217,"developed open space",3064.99359110027,11739.0161738211
"117","SAN CLEMENTE","Education",0.422,"business",164.99930257051,11739.0161738211
"118","SAN CLEMENTE","Freeway",0.45,"highway/arterial",237.69554584905,11739.0161738211
"119","SAN CLEMENTE","Light Industrial",0.414,"business",255.28235121674,11739.0161738211
"120","SAN CLEMENTE","Multi-family Residential",0.485,"multi-family",678.108999603875,11739.0161738211
"121","SAN CLEMENTE","Open Space",0.078,"open space",2127.19335007753,11739.0161738211
"122","SAN CLEMENTE","Single Family Residential",0.405,"single family",3158.45728807665,11739.0161738211
"123","SAN CLEMENTE","Streets and Roads",0.471,"surface street",1537.61960052311,11739.0161738211
"124","SAN CLEMENTE","Water",0.797,"water",0.825027324131968,11739.0161738211
"125","SAN JUAN CAPISTRANO","Agriculture",0.222,"agriculture",410.858330357154,9220.30939324918
"126","SAN JUAN CAPISTRANO","Commercial",0.486,"business",760.516417472631,9220.30939324918
"127","SAN JUAN CAPISTRANO","Developed Open Space",0.217,"developed open space",1386.44264128571,9220.30939324918
"128","SAN JUAN CAPISTRANO","Education",0.422,"business",201.774579567094,9220.30939324918
"129","SAN JUAN CAPISTRANO","Freeway",0.45,"highway/arterial",228.476959984046,9220.30939324918
"130","SAN JUAN CAPISTRANO","Light Industrial",0.414,"business",539.632612453808,9220.30939324918
"131","SAN JUAN CAPISTRANO","Multi-family Residential",0.485,"multi-family",429.404636622541,9220.30939324918
"132","SAN JUAN CAPISTRANO","Open Space",0.078,"open space",1913.41878854814,9220.30939324918
"133","SAN JUAN CAPISTRANO","Single Family Residential",0.405,"single family",2527.57828516129,9220.30939324918
"134","SAN JUAN CAPISTRANO","Streets and Roads",0.471,"surface street",822.243247403035,9220.30939324918
