"","Station","Fraction","Stormflow Volume -cf","Stormwater Volume (acre-ft)_RC_M","RC_M","2,4'-DDD","2,4'-DDE","2,4'-DDT","4,4'-DDD","4,4'-DDE","4,4'-DDT","Acenaphthene","Acenaphthylene","Aldrin","Ammonia, as Nitrogen","Anthracene","Arsenic, Total","Azinphos Methyl","Benz[a]anthracene","Benzo[a]pyrene","Benzo[b]fluoranthene","Benzo[g,h,i]perylene","Benzo[k]fluoranthene","BHC-alpha","BHC-beta","BHC-delta","BHC-gamma","Biphenyl","Bolstar (Sulprofos)","Cadmium, Total","Chlordane-alpha","Chlordane-gamma","Chloride","Chlorpyrifos","Chromium, Total","Chrysene","Copper, Total","d10-Acenaphthene","d10-Phenanthrene","d12-Chrysene","d8-Naphthalene","Demeton","Diazinon","Dibenz[a,h]anthracene","Dibenzothiophene","Dichlorvos","Dieldrin","Dimethoate","Dissolved Organic Carbon","Disulfoton","E. coli","Endosulfan-I","Endosulfan-II","Endosulfan Sulfate","Endrin","Endrin Aldehyde","Enterococcus","Ethoprop (Ethoprofos)","Ethyl Parathion","Fecal coliforms","Fenchlorphos (Ronnel)","Fensulfothion","Fenthion","Fluoranthene","Fluorene","Hardness as CaCO3, Total","Heptachlor","Heptachlor Epoxide","Indeno[1,2,3-cd]pyrene","Iron, Total","Lead, Total","Magnesium, Total","Malathion","Manganese, Total","MBAS","Mercury, Total","Merphos","Methoxychlor","Methyl Parathion","Mevinphos (Phosdrin)","Mirex","Naphthalene","Nickel, Total","Nitrate + Nitrite as N","Nitrogen, Total Kjeldahl","Orthophosphate as P","PCB030","PCB112","PCB198","Phenanthrene","Phorate","Pyrene","Selenium, Total","Silver, Total","Sulfate","TCMX","Temperature","Tetrachlorvinphos (Stirofos)","Thallium, Total","TN","Tokuthion (Prothiofos)","Total Coliforms","Total Dissolved Solids","Total Organic Carbon (TOC)","Toxaphene","TP","trans-Nonachlor","Trichloronate","TSS","VSS","Zinc, Total"
"1","I01-11021-1","Total",1.62,3.40354271157739,0.465484094729293,NA,NA,NA,NA,NA,NA,NA,NA,NA,NA,NA,NA,NA,NA,NA,NA,NA,NA,NA,NA,NA,NA,NA,NA,NA,NA,NA,NA,NA,NA,NA,NA,NA,NA,NA,NA,NA,NA,NA,NA,NA,NA,NA,NA,NA,34425306947.7147,NA,NA,NA,NA,NA,205712200053.417,NA,NA,39463156744.9413,NA,NA,NA,NA,NA,NA,NA,NA,NA,NA,NA,NA,NA,NA,NA,NA,NA,NA,NA,NA,NA,NA,NA,NA,NA,NA,NA,NA,NA,NA,NA,NA,NA,NA,NA,NA,NA,NA,NA,NA,NA,14273907758808.5,NA,NA,NA,NA,NA,NA,NA,NA,NA
"2","J01-9046-2","Dissolved",787,11.8778647416616,0.359562738609526,NA,NA,NA,NA,NA,NA,NA,NA,NA,NA,NA,19.5984768237417,NA,NA,NA,NA,NA,NA,NA,NA,NA,NA,NA,NA,4.15725265958157,NA,NA,NA,NA,33.2580212766526,NA,344.458077508188,NA,NA,NA,NA,NA,NA,NA,NA,NA,NA,NA,NA,NA,NA,NA,NA,NA,NA,NA,NA,NA,NA,NA,NA,NA,NA,NA,NA,NA,NA,NA,NA,14152.4758396898,24.3496227204064,NA,NA,386.030604104003,NA,0.296946618541541,NA,NA,NA,NA,NA,NA,76.6122275837176,NA,NA,NA,NA,NA,NA,NA,NA,NA,2.37557294833233,1.18778647416616,NA,NA,NA,NA,1.18778647416616,NA,NA,NA,NA,NA,NA,NA,NA,NA,NA,NA,926.473449849608
"3","J01-9046-2","Total",787,11.8778647416616,0.359562738609526,11.8778647416616,11.8778647416616,11.8778647416616,11.8778647416616,11.8778647416616,11.8778647416616,29.6946618541541,29.6946618541541,29.6946618541541,29.0702162524095,NA,19.5984768237417,59.3893237083082,78.3939072949668,149.661095744937,197.172554711583,574.888653496424,118.778647416616,29.6946618541541,29.6946618541541,29.6946618541541,29.6946618541541,103.337423252456,23.7557294833233,4.15725265958157,67.7038290274714,52.2626048633112,484.503604206824,5.93893237083082,33.2580212766526,419.288625380656,344.458077508188,938.35131459127,1104.64142097453,1080.88569149121,914.595585107946,11.8778647416616,5.93893237083082,29.6946618541541,194.796981763251,35.6335942249849,11.8778647416616,59.3893237083082,581.404325048189,11.8778647416616,NA,29.6946618541541,29.6946618541541,29.6946618541541,29.6946618541541,29.6946618541541,NA,11.8778647416616,118.778647416616,NA,23.7557294833233,11.8778647416616,23.7557294833233,443.044354863979,29.6946618541541,1873.41393626639,29.6946618541541,29.6946618541541,207.862632979079,14152.4758396898,24.3496227204064,46.3236724924804,29.6946618541541,386.030604104003,9.69007208413649,0.296946618541541,11.8778647416616,29.6946618541541,11.8778647416616,59.3893237083082,29.6946618541541,220.928284194907,76.6122275837176,58.1404325048189,103.360768897456,12.920096112182,843.328396657977,1021.4963677829,950.229179332931,262.500810790722,59.3893237083082,897.96657446962,2.37557294833233,1.18778647416616,710.605286170009,831.450531916315,NA,23.7557294833233,1.18778647416616,161.501201402275,35.6335942249849,NA,3876.0288336546,452.20336392637,148.473309270771,23.1799444348657,61.7648966566405,11.8778647416616,2551.71898215594,1098.20816953547,926.473449849608
"4","J01-9273-1","Dissolved",0,10.5789067257303,0.483800974221785,NA,NA,NA,NA,NA,NA,NA,NA,NA,NA,NA,44.4314082480674,NA,NA,NA,NA,NA,NA,NA,NA,NA,NA,NA,NA,35.9682828674832,NA,NA,NA,NA,31.2077748409045,NA,232.735947966068,NA,NA,NA,NA,NA,NA,NA,NA,NA,NA,NA,NA,NA,NA,NA,NA,NA,NA,NA,NA,NA,NA,NA,NA,NA,NA,NA,NA,NA,NA,NA,NA,12747.5826045051,21.6867587877472,NA,NA,4548.92989206405,NA,0.264472668143259,NA,NA,NA,NA,NA,NA,386.130095489158,NA,NA,NA,NA,NA,NA,NA,NA,NA,15.8683600885955,1.05789067257303,NA,NA,NA,NA,1.05789067257303,NA,NA,NA,NA,NA,NA,NA,NA,NA,NA,NA,1184.8375532818
"5","J01-9273-1","Total",0,10.5789067257303,0.483800974221785,10.5789067257303,10.5789067257303,10.5789067257303,10.5789067257303,10.5789067257303,10.5789067257303,26.4472668143259,26.4472668143259,26.4472668143259,25.8911103064159,63.4734403543821,44.4314082480674,52.8945336286517,NA,NA,81.4575817881237,142.81524079736,NA,26.4472668143259,26.4472668143259,26.4472668143259,26.4472668143259,121.657427345899,21.1578134514607,35.9682828674832,10.5789067257303,10.5789067257303,3739.82704426008,5.28945336286517,31.2077748409045,189.362430390573,232.735947966068,772.260190978315,846.312538058428,814.575817881237,930.94379186427,10.5789067257303,5.28945336286517,26.4472668143259,254.951652090101,31.736720177191,10.5789067257303,52.8945336286517,1495.93081770403,10.5789067257303,NA,26.4472668143259,26.4472668143259,26.4472668143259,26.4472668143259,26.4472668143259,NA,10.5789067257303,105.789067257303,NA,21.1578134514607,10.5789067257303,21.1578134514607,244.372745364371,118.48375532818,10011.2293184808,26.4472668143259,26.4472668143259,90.978597841281,12747.5826045051,21.6867587877472,330.061889842787,3501.61812621674,4548.92989206405,17.2607402042773,0.264472668143259,10.5789067257303,26.4472668143259,10.5789067257303,52.8945336286517,26.4472668143259,165.030944921393,386.130095489158,83.4269109873402,123.701971463987,20.1375302383235,930.94379186427,782.839097704046,1057.89067257303,176.667742319697,52.8945336286517,459.124551896697,15.8683600885955,1.05789067257303,8630.37010213864,454.892989206405,NA,21.1578134514607,1.05789067257303,207.128882451327,31.736720177191,NA,23589.678279179,1668.5382197468,132.236334071629,23.4602227276469,10.5789067257303,10.5789067257303,1438.39501702311,719.197508511554,1184.8375532818
"6","J01-9992-1","Dissolved",153563,141.003053779001,0.430901858508156,NA,NA,NA,NA,NA,NA,NA,NA,NA,NA,NA,289.056260246952,NA,NA,NA,NA,NA,NA,NA,NA,NA,NA,NA,NA,63.4513742005505,NA,NA,NA,NA,246.755344113252,NA,1833.03969912701,NA,NA,NA,NA,NA,NA,NA,NA,NA,NA,NA,NA,NA,NA,NA,NA,NA,NA,NA,NA,NA,NA,NA,NA,NA,NA,NA,NA,NA,NA,NA,NA,57811.2520493904,70.5015268895005,NA,NA,2538.05496802202,NA,3.52507634447503,NA,NA,NA,NA,NA,NA,634.513742005505,NA,NA,NA,NA,NA,NA,NA,NA,NA,408.908855959103,14.1003053779001,NA,NA,NA,NA,14.1003053779001,NA,NA,NA,NA,NA,NA,NA,NA,NA,NA,NA,10504.7275065356
"7","J01-9992-1","Total",153563,141.003053779001,0.430901858508156,141.003053779001,141.003053779001,141.003053779001,141.003053779001,141.003053779001,141.003053779001,NA,352.507634447503,352.507634447503,345.094792267542,NA,289.056260246952,705.015268895005,846.018322674006,NA,2495.75405188832,1988.14305828391,NA,352.507634447503,352.507634447503,352.507634447503,352.507634447503,NA,282.006107558002,63.4513742005505,141.003053779001,141.003053779001,22239.4421683527,70.5015268895005,246.755344113252,2989.26474011482,1833.03969912701,10857.2351409831,12126.2626249941,18189.3939374911,8601.18628051906,141.003053779001,70.5015268895005,NA,352.507634447503,423.009161337003,141.003053779001,705.015268895005,4984.7025549756,141.003053779001,NA,352.507634447503,352.507634447503,352.507634447503,352.507634447503,352.507634447503,NA,141.003053779001,1410.03053779001,NA,282.006107558002,141.003053779001,282.006107558002,2326.55038735352,352.507634447503,47929.8322593808,352.507634447503,352.507634447503,1649.73572921431,57811.2520493904,70.5015268895005,1438.23114854581,8319.18017296106,2538.05496802202,76.6877316150093,3.52507634447503,141.003053779001,352.507634447503,141.003053779001,705.015268895005,352.507634447503,1043.42259796461,634.513742005505,766.877316150093,1150.31597422514,NA,6909.14963517105,8178.17711918206,11985.2595712151,1071.62320872041,705.015268895005,3835.28306278883,408.908855959103,14.1003053779001,27991.0220394784,6486.14047383405,NA,282.006107558002,14.1003053779001,1917.19329037523,423.009161337003,NA,122700.370584015,5751.57987112569,1762.53817223751,250.15538052816,141.003053779001,141.003053779001,8435.65047765102,3067.50926460037,10504.7275065356
"8","J03-9216-2","Dissolved",540566,246.438236253114,0.371323784942189,NA,NA,NA,NA,NA,NA,NA,NA,NA,NA,NA,492.876472506227,NA,NA,NA,NA,NA,NA,NA,NA,NA,NA,NA,NA,406.623089817638,NA,NA,NA,NA,591.451767007473,NA,3770.50501467264,NA,NA,NA,NA,NA,NA,NA,NA,NA,NA,NA,NA,NA,NA,NA,NA,NA,NA,NA,NA,NA,NA,NA,NA,NA,NA,NA,NA,NA,NA,NA,NA,280200.27461979,258.760148065769,NA,NA,45591.073706826,NA,6.16095590632784,NA,NA,NA,NA,NA,NA,2858.68354053612,NA,NA,NA,NA,NA,NA,NA,NA,NA,566.807943382162,24.6438236253114,NA,NA,NA,NA,24.6438236253114,NA,NA,NA,NA,NA,NA,NA,NA,NA,NA,NA,12938.0074032885
"9","J03-9216-2","Total",540566,246.438236253114,0.371323784942189,246.438236253114,246.438236253114,246.438236253114,246.438236253114,246.438236253114,246.438236253114,616.095590632784,616.095590632784,616.095590632784,33.5077659932737,616.095590632784,492.876472506227,1232.19118126557,616.095590632784,616.095590632784,2242.58794990333,4805.54560693572,NA,616.095590632784,616.095590632784,616.095590632784,616.095590632784,616.095590632784,492.876472506227,406.623089817638,246.438236253114,246.438236253114,113926.404377131,123.219118126557,591.451767007473,4090.87472180169,3770.50501467264,18729.3059552366,22672.3177352865,32529.847185411,15279.170647693,246.438236253114,123.219118126557,616.095590632784,2858.68354053612,739.314708759341,246.438236253114,1232.19118126557,8712.01915825117,246.438236253114,NA,616.095590632784,616.095590632784,616.095590632784,616.095590632784,616.095590632784,NA,246.438236253114,2464.38236253114,NA,492.876472506227,246.438236253114,492.876472506227,4509.81972343198,616.095590632784,278784.613064037,616.095590632784,616.095590632784,616.095590632784,280200.27461979,258.760148065769,10621.4879825092,616.095590632784,45591.073706826,67.0155319865475,6.16095590632784,246.438236253114,616.095590632784,246.438236253114,1232.19118126557,616.095590632784,616.095590632784,2858.68354053612,1005.23297979821,1943.45042760988,201.046595959642,20207.9353727553,19222.1824277429,17250.676537718,1897.57441914898,1232.19118126557,7417.79091121872,566.807943382162,24.6438236253114,221151.255555607,13061.226521415,NA,492.876472506227,24.6438236253114,2948.68340740809,739.314708759341,NA,623244.447474891,10052.3297979821,3080.47795316392,306.046531476165,246.438236253114,246.438236253114,51601.9596296415,13403.1063973095,12938.0074032885
"10","J07P02","Dissolved",2735,112.026488289934,0.398125874760537,NA,NA,NA,NA,NA,NA,NA,NA,NA,NA,NA,397.694033429265,NA,NA,NA,NA,NA,NA,NA,NA,NA,NA,NA,NA,72.817217388457,NA,NA,NA,NA,1041.84634109638,NA,6833.61578568596,NA,NA,NA,NA,NA,NA,NA,NA,NA,NA,NA,NA,NA,NA,NA,NA,NA,NA,NA,NA,NA,NA,NA,NA,NA,NA,NA,NA,NA,NA,NA,NA,680560.916361348,1517.9589163286,NA,NA,31367.4167211815,NA,7.00165551812086,NA,NA,NA,NA,NA,NA,1753.21454173746,NA,NA,NA,NA,NA,NA,NA,NA,NA,112.026488289934,16.8039732434901,NA,NA,NA,NA,11.2026488289934,NA,NA,NA,NA,NA,NA,NA,NA,NA,NA,NA,30583.2313031519
"11","J07P02","Total",2735,112.026488289934,0.398125874760537,112.026488289934,112.026488289934,112.026488289934,112.026488289934,112.026488289934,112.026488289934,280.066220724834,1333.11521065021,280.066220724834,731.137975029858,761.78012037155,397.694033429265,560.132441449669,1557.16818723008,3248.76816040808,4828.34164529615,13891.2845479518,2767.05426076136,280.066220724834,280.066220724834,280.066220724834,280.066220724834,2935.09399319626,224.052976579868,72.817217388457,112.026488289934,268.863571895841,15536.6819693845,56.0132441449669,1041.84634109638,8614.83694949591,6833.61578568596,9634.27799293431,10306.4369226739,9970.35745780411,9074.14555148464,112.026488289934,56.0132441449669,1377.92580596619,3080.72842797318,336.079464869801,112.026488289934,560.132441449669,13099.5553859516,112.026488289934,NA,280.066220724834,280.066220724834,280.066220724834,280.066220724834,280.066220724834,NA,112.026488289934,1120.26488289934,NA,224.052976579868,112.026488289934,224.052976579868,10250.4236785289,280.066220724834,48133.250022799,280.066220724834,280.066220724834,5410.8793844038,680560.916361348,1517.9589163286,1366.72315713719,280.066220724834,31367.4167211815,182.784493757465,7.00165551812086,112.026488289934,280.066220724834,112.026488289934,560.132441449669,280.066220724834,6755.19724388301,1753.21454173746,761.602057322769,6092.81645858215,121.856329171643,8289.9601334551,9858.33096951417,9074.14555148464,5612.52706332568,560.132441449669,20612.8738453478,112.026488289934,16.8039732434901,21629.4984279666,8177.93364516517,NA,224.052976579868,11.2026488289934,6854.41851590492,336.079464869801,NA,88345.8386494412,13099.5553859516,1400.33110362417,129.185987371317,851.401311003497,112.026488289934,121856.329171643,39603.306980784,30583.2313031519
"12","K01-12156-4","Dissolved",99454,266.129578256892,0.318845337285919,NA,NA,NA,NA,NA,NA,NA,NA,NA,NA,NA,359.274930646804,NA,NA,NA,NA,NA,NA,NA,NA,NA,NA,NA,NA,53.2259156513783,NA,NA,NA,NA,439.113804123871,NA,1995.97183692669,NA,NA,NA,NA,NA,NA,NA,NA,NA,NA,NA,NA,NA,NA,NA,NA,NA,NA,NA,NA,NA,NA,NA,NA,NA,NA,NA,NA,NA,NA,NA,NA,262004.56979391,133.064789128446,NA,NA,24217.7916213771,NA,6.65323945642229,NA,NA,NA,NA,NA,NA,1077.82479194041,NA,NA,NA,NA,NA,NA,NA,NA,NA,439.113804123871,26.6129578256892,NA,NA,NA,NA,26.6129578256892,NA,NA,NA,NA,NA,NA,NA,NA,NA,NA,NA,5721.78593252317
"13","K01-12156-4","Total",99454,266.129578256892,0.318845337285919,266.129578256892,266.129578256892,266.129578256892,266.129578256892,266.129578256892,266.129578256892,665.323945642229,665.323945642229,665.323945642229,289.481300230102,665.323945642229,359.274930646804,1330.64789128446,665.323945642229,665.323945642229,665.323945642229,665.323945642229,665.323945642229,665.323945642229,665.323945642229,665.323945642229,665.323945642229,665.323945642229,532.259156513783,53.2259156513783,266.129578256892,266.129578256892,144740.650115051,133.064789128446,439.113804123871,665.323945642229,1995.97183692669,17564.5521649549,19161.3296344962,20225.8479475238,17298.422586698,266.129578256892,133.064789128446,665.323945642229,665.323945642229,798.388734770675,266.129578256892,1330.64789128446,8684.43900690306,266.129578256892,NA,665.323945642229,665.323945642229,665.323945642229,665.323945642229,665.323945642229,NA,266.129578256892,2661.29578256892,NA,532.259156513783,266.129578256892,532.259156513783,NA,665.323945642229,259085.763705941,665.323945642229,665.323945642229,665.323945642229,262004.56979391,133.064789128446,10405.6665098445,665.323945642229,24217.7916213771,72.3703250575255,6.65323945642229,266.129578256892,665.323945642229,266.129578256892,1330.64789128446,665.323945642229,NA,1077.82479194041,868.443900690306,1157.92520092041,289.481300230102,14637.126804129,18096.8113214686,18362.9408997255,665.323945642229,1330.64789128446,1889.52000562393,439.113804123871,26.6129578256892,224348.007678329,13306.4789128446,NA,532.259156513783,26.6129578256892,2026.36910161071,798.388734770675,NA,629621.828000472,18092.5812643814,3326.61972821115,495.751200709061,266.129578256892,266.129578256892,49211.8210391174,11579.2520092041,5721.78593252317
"14","L01-724-4","Dissolved",23130,48.8035986618666,0.353290455852386,NA,NA,NA,NA,NA,NA,NA,NA,NA,NA,NA,100.047377256826,NA,NA,NA,NA,NA,NA,NA,NA,NA,NA,NA,NA,12.2008996654666,NA,NA,NA,NA,151.291155851786,NA,800.379018054612,NA,NA,NA,NA,NA,NA,NA,NA,NA,NA,NA,NA,NA,NA,NA,NA,NA,NA,NA,NA,NA,NA,NA,NA,NA,NA,NA,NA,NA,NA,NA,NA,79061.8298322238,61.0044983273332,NA,NA,3684.67169897093,NA,1.22008996654666,NA,NA,NA,NA,NA,NA,258.659072907893,NA,NA,NA,NA,NA,NA,NA,NA,NA,136.650076253226,4.88035986618666,NA,NA,NA,NA,4.88035986618666,NA,NA,NA,NA,NA,NA,NA,NA,NA,NA,NA,2610.99252840986
"15","L01-724-4","Total",23130,48.8035986618666,0.353290455852386,48.8035986618666,48.8035986618666,48.8035986618666,48.8035986618666,331.864470900693,48.8035986618666,122.008996654666,122.008996654666,122.008996654666,6.63573797822459,122.008996654666,100.047377256826,244.017993309333,297.701951837386,297.701951837386,590.523543808585,1434.82580065888,390.428789294932,122.008996654666,122.008996654666,122.008996654666,122.008996654666,122.008996654666,97.6071973237331,12.2008996654666,48.8035986618666,48.8035986618666,29197.2471041882,24.4017993309333,151.291155851786,951.670173906398,800.379018054612,3465.05550499253,4197.10948492052,6198.05703005705,2781.80512372639,48.8035986618666,24.4017993309333,122.008996654666,434.352028090612,146.4107959856,48.8035986618666,244.017993309333,1725.29187433839,48.8035986618666,NA,122.008996654666,122.008996654666,122.008996654666,122.008996654666,122.008996654666,NA,48.8035986618666,488.035986618666,NA,97.6071973237331,48.8035986618666,97.6071973237331,1146.88456855386,122.008996654666,39416.2835906541,122.008996654666,122.008996654666,932.148734441651,79061.8298322238,61.0044983273332,1561.71515717973,122.008996654666,3684.67169897093,13.2714759564492,1.22008996654666,48.8035986618666,122.008996654666,48.8035986618666,244.017993309333,122.008996654666,122.008996654666,258.659072907893,199.072139346738,238.886567216085,53.0859038257968,3513.85910365439,3611.46630097813,3318.64470900693,497.796706351039,244.017993309333,1517.79191838405,136.650076253226,4.88035986618666,41141.5754649925,2391.37633443146,NA,97.6071973237331,4.88035986618666,437.958706562823,146.4107959856,NA,132714.759564492,2388.86567216085,610.044983273332,95.241420053862,48.8035986618666,48.8035986618666,19907.2139346738,4114.15754649925,2610.99252840986
"16","L01-728-5","Dissolved",3436,3.25120856426642,0.417465290266409,NA,NA,NA,NA,NA,NA,NA,NA,NA,NA,NA,5.03937327461295,NA,NA,NA,NA,NA,NA,NA,NA,NA,NA,NA,NA,0.325120856426642,NA,NA,NA,NA,25.847108085918,NA,112.166695467192,NA,NA,NA,NA,NA,NA,NA,NA,NA,NA,NA,NA,NA,NA,NA,NA,NA,NA,NA,NA,NA,NA,NA,NA,NA,NA,NA,NA,NA,NA,NA,NA,4714.25241818631,9.91618612101258,NA,NA,190.195701009586,NA,0.0812802141066605,NA,NA,NA,NA,NA,NA,12.8422738288524,NA,NA,NA,NA,NA,NA,NA,NA,NA,0.650241712853284,0.325120856426642,NA,NA,NA,NA,0.325120856426642,NA,NA,NA,NA,NA,NA,NA,NA,NA,NA,NA,313.74162645171
"17","L01-728-5","Total",3436,3.25120856426642,0.417465290266409,3.25120856426642,3.25120856426642,3.25120856426642,3.25120856426642,3.25120856426642,3.25120856426642,8.12802141066605,8.12802141066605,8.12802141066605,0.884122021185665,8.12802141066605,5.03937327461295,16.2560428213321,8.12802141066605,8.12802141066605,51.3690953154095,91.3589606558864,NA,8.12802141066605,8.12802141066605,8.12802141066605,8.12802141066605,8.12802141066605,6.50241712853284,0.325120856426642,3.25120856426642,3.25120856426642,389.013689321693,1.62560428213321,25.847108085918,106.964761764365,112.166695467192,243.840642319982,295.859979348244,422.657113354635,185.318888163186,3.25120856426642,1.62560428213321,8.12802141066605,50.7188536025562,9.75362569279926,3.25120856426642,16.2560428213321,123.777082965993,3.25120856426642,NA,8.12802141066605,8.12802141066605,8.12802141066605,8.12802141066605,8.12802141066605,NA,3.25120856426642,32.5120856426642,NA,6.50241712853284,3.25120856426642,6.50241712853284,69.9009841317281,8.12802141066605,751.503718007815,8.12802141066605,8.12802141066605,8.12802141066605,4714.25241818631,9.91618612101258,20.1574930984518,8.12802141066605,190.195701009586,1.76824404237133,0.0812802141066605,3.25120856426642,8.12802141066605,3.25120856426642,16.2560428213321,8.12802141066605,8.12802141066605,12.8422738288524,9.72534223304232,18.566562444899,1.76824404237133,234.087016627182,260.096685141314,230.835808062916,37.0637776326372,16.2560428213321,126.472013149964,0.650241712853284,0.325120856426642,406.696129745406,172.31405390612,NA,6.50241712853284,0.325120856426642,28.2919046779413,9.75362569279926,NA,2563.95386143843,167.983184025276,40.6401070533303,4.90281025628299,3.25120856426642,3.25120856426642,521.631992499542,167.983184025276,313.74162645171
"18","L02-166-2","Dissolved",8933,117.839738790414,0.382038243551175,NA,NA,NA,NA,NA,NA,NA,NA,NA,NA,NA,2834.04571790947,NA,NA,NA,NA,NA,NA,NA,NA,NA,NA,NA,NA,141.407686548497,NA,NA,NA,NA,506.710876798782,NA,2987.23737833701,NA,NA,NA,NA,NA,NA,NA,NA,NA,NA,NA,NA,NA,NA,NA,NA,NA,NA,NA,NA,NA,NA,NA,NA,NA,NA,NA,NA,NA,NA,NA,NA,499699.412340753,265.139412278433,NA,NA,98396.1818899961,NA,2.94599346976036,NA,NA,NA,NA,NA,NA,889.690027867629,NA,NA,NA,NA,NA,NA,NA,NA,NA,406.54709882693,11.7839738790414,NA,NA,NA,NA,11.7839738790414,NA,NA,NA,NA,NA,NA,NA,NA,NA,NA,NA,11253.6950544846
"19","L02-166-2","Total",8933,117.839738790414,0.382038243551175,117.839738790414,117.839738790414,117.839738790414,117.839738790414,117.839738790414,117.839738790414,294.599346976036,294.599346976036,294.599346976036,160.224584144573,NA,2834.04571790947,589.198693952072,NA,742.390354379611,1190.18136178319,3440.9203726801,671.686511105362,294.599346976036,294.599346976036,294.599346976036,294.599346976036,1661.54031694484,235.679477580829,141.407686548497,117.839738790414,117.839738790414,24354.136789975,58.9198693952072,506.710876798782,1967.92363779992,2987.23737833701,8013.10223774818,8720.14067049067,8602.30093170026,7659.58302137694,117.839738790414,58.9198693952072,294.599346976036,801.310223774818,353.519216371243,117.839738790414,589.198693952072,4165.83918775889,117.839738790414,NA,294.599346976036,294.599346976036,294.599346976036,294.599346976036,294.599346976036,NA,117.839738790414,1178.39738790414,NA,235.679477580829,117.839738790414,235.679477580829,2828.15373096995,294.599346976036,89725.7671209607,294.599346976036,294.599346976036,1308.0211005736,499699.412340753,265.139412278433,2180.03516762267,294.599346976036,98396.1818899961,64.0898336578291,2.94599346976036,117.839738790414,294.599346976036,117.839738790414,589.198693952072,294.599346976036,1991.491585558,889.690027867629,352.49408511806,1249.75175632767,64.0898336578291,9662.85858081399,8366.62145411943,8248.78171532901,1673.32429082389,589.198693952072,5585.60361866565,406.54709882693,11.7839738790414,41658.3918775889,7070.38432742487,NA,235.679477580829,11.7839738790414,1602.24584144573,353.519216371243,NA,147406.617413007,5127.18669262632,1472.99673488018,94.0774668263273,117.839738790414,117.839738790414,76907.8003893949,23392.7892851076,11253.6950544846
"20","L03P05","Dissolved",15674,36.4909256471052,0.359691270113663,NA,NA,NA,NA,NA,NA,NA,NA,NA,NA,NA,54.7363884706579,NA,NA,NA,NA,NA,NA,NA,NA,NA,NA,NA,NA,27.3681942353289,NA,NA,NA,NA,180.630081953171,NA,602.100273177236,NA,NA,NA,NA,NA,NA,NA,NA,NA,NA,NA,NA,NA,NA,NA,NA,NA,NA,NA,NA,NA,NA,NA,NA,NA,NA,NA,NA,NA,NA,NA,NA,26091.0118376802,23.7191016706184,NA,NA,2335.41924141474,NA,0.912273141177631,NA,NA,NA,NA,NA,NA,264.559210941513,NA,NA,NA,NA,NA,NA,NA,NA,NA,31.0172868000395,3.64909256471052,NA,NA,NA,NA,3.64909256471052,NA,NA,NA,NA,NA,NA,NA,NA,NA,NA,NA,1350.16424894289
"21","L03P05","Total",15674,36.4909256471052,0.359691270113663,36.4909256471052,36.4909256471052,36.4909256471052,36.4909256471052,36.4909256471052,36.4909256471052,91.2273141177631,91.2273141177631,91.2273141177631,19.8464234455128,91.2273141177631,54.7363884706579,182.454628235526,91.2273141177631,91.2273141177631,91.2273141177631,379.505626729894,91.2273141177631,91.2273141177631,91.2273141177631,91.2273141177631,91.2273141177631,91.2273141177631,72.9818512942105,27.3681942353289,36.4909256471052,36.4909256471052,10915.532895032,18.2454628235526,180.630081953171,386.803811859315,602.100273177236,2663.83757223868,3247.69238259237,4816.80218541789,2007.00091059079,36.4909256471052,18.2454628235526,91.2273141177631,317.471053129816,109.472776941316,36.4909256471052,182.454628235526,1091.5532895032,36.4909256471052,NA,91.2273141177631,91.2273141177631,91.2273141177631,91.2273141177631,91.2273141177631,NA,36.4909256471052,364.909256471052,NA,72.9818512942105,36.4909256471052,72.9818512942105,1211.49873148389,NA,28678.081878766,91.2273141177631,91.2273141177631,91.2273141177631,26091.0118376802,23.7191016706184,996.202270165973,91.2273141177631,2335.41924141474,9.92321172275639,0.912273141177631,36.4909256471052,91.2273141177631,36.4909256471052,182.454628235526,91.2273141177631,91.2273141177631,264.559210941513,148.848175841346,486.237374415063,39.6928468910255,2225.94646447342,2992.25590306263,2590.85572094447,306.523775435684,182.454628235526,2755.06488635645,31.0172868000395,3.64909256471052,27784.9928237179,2079.982761885,NA,72.9818512942105,3.64909256471052,635.085550256409,109.472776941316,NA,73431.7667483973,1290.01752395833,456.136570588815,61.5020816152995,36.4909256471052,36.4909256471052,3274.65986850961,496.160586137819,1350.16424894289
"22","L05-049-1","Dissolved",1224,92.1738453808856,0.326186770752317,NA,NA,NA,NA,NA,NA,NA,NA,NA,NA,NA,211.999844376037,NA,NA,NA,NA,NA,NA,NA,NA,NA,NA,NA,NA,285.738920680745,NA,NA,NA,NA,396.347535137808,NA,2212.17228914125,NA,NA,NA,NA,NA,NA,NA,NA,NA,NA,NA,NA,NA,NA,NA,NA,NA,NA,NA,NA,NA,NA,NA,NA,NA,NA,NA,NA,NA,NA,NA,NA,33366.9320278806,32.26084588331,NA,NA,8756.51531118413,NA,2.30434613452214,NA,NA,NA,NA,NA,NA,3041.73689756923,NA,NA,NA,NA,NA,NA,NA,NA,NA,271.912843873613,9.21738453808856,NA,NA,NA,NA,9.21738453808856,NA,NA,NA,NA,NA,NA,NA,NA,NA,NA,NA,5576.51764554358
"23","L05-049-1","Total",1224,92.1738453808856,0.326186770752317,92.1738453808856,92.1738453808856,92.1738453808856,92.1738453808856,92.1738453808856,92.1738453808856,230.434613452214,230.434613452214,230.434613452214,150.392553786209,230.434613452214,211.999844376037,460.869226904428,230.434613452214,230.434613452214,230.434613452214,488.521380518694,230.434613452214,230.434613452214,230.434613452214,230.434613452214,230.434613452214,230.434613452214,184.347690761771,285.738920680745,92.1738453808856,92.1738453808856,27571.9681941383,46.0869226904428,396.347535137808,617.564764051934,2212.17228914125,7742.60301199439,8387.81992966059,7926.95070275616,7558.25532123262,92.1738453808856,46.0869226904428,230.434613452214,617.564764051934,276.521536142657,92.1738453808856,460.869226904428,11028.7872776553,92.1738453808856,NA,230.434613452214,230.434613452214,230.434613452214,230.434613452214,230.434613452214,NA,92.1738453808856,921.738453808856,NA,184.347690761771,92.1738453808856,184.347690761771,589.912610437668,230.434613452214,98005.8142173463,230.434613452214,230.434613452214,230.434613452214,33366.9320278806,32.26084588331,3594.77996985454,230.434613452214,8756.51531118413,125.327128155174,2.30434613452214,92.1738453808856,230.434613452214,92.1738453808856,460.869226904428,230.434613452214,847.999377504148,3041.73689756923,1453.79468660002,1002.61702524139,125.327128155174,5991.29994975756,6728.69071280465,6544.34302204288,230.434613452214,460.869226904428,1059.99922188018,271.912843873613,9.21738453808856,87728.989708622,5714.77841361491,NA,184.347690761771,9.21738453808856,2456.41171184142,276.521536142657,NA,215562.6604269,11028.7872776553,1152.17306726107,245.290255225307,92.1738453808856,92.1738453808856,5013.08512620697,2230.8228811621,5576.51764554358
"24","L05-489-3d","Dissolved",231426,376.768971691768,0.330352885515108,NA,NA,NA,NA,NA,NA,NA,NA,NA,NA,NA,791.214840552714,NA,NA,NA,NA,NA,NA,NA,NA,NA,NA,NA,NA,150.707588676707,NA,NA,NA,NA,357.93052310718,NA,2863.44418485744,NA,NA,NA,NA,NA,NA,NA,NA,NA,NA,NA,NA,NA,NA,NA,NA,NA,NA,NA,NA,NA,NA,NA,NA,NA,NA,NA,NA,NA,NA,NA,NA,106437.234502925,94.1922429229421,NA,NA,26185.4435325779,NA,9.41922429229421,NA,NA,NA,NA,NA,NA,2901.12108202662,NA,NA,NA,NA,NA,NA,NA,NA,NA,2373.64452165814,37.6768971691768,NA,NA,NA,NA,37.6768971691768,NA,NA,NA,NA,NA,NA,NA,NA,NA,NA,NA,7723.76391968125
"25","L05-489-3d","Total",231426,376.768971691768,0.330352885515108,376.768971691768,376.768971691768,376.768971691768,376.768971691768,376.768971691768,376.768971691768,941.922429229421,941.922429229421,941.922429229421,307.371617219517,941.922429229421,791.214840552714,1883.84485845884,941.922429229421,941.922429229421,941.922429229421,941.922429229421,941.922429229421,941.922429229421,941.922429229421,941.922429229421,941.922429229421,941.922429229421,753.537943383537,150.707588676707,376.768971691768,376.768971691768,143440.088035774,188.384485845884,357.93052310718,941.922429229421,2863.44418485744,27127.3659618073,32778.9005371839,46719.3524897793,21852.6003581226,376.768971691768,188.384485845884,941.922429229421,941.922429229421,1130.30691507531,376.768971691768,1883.84485845884,12294.8646887807,376.768971691768,NA,941.922429229421,941.922429229421,941.922429229421,941.922429229421,941.922429229421,NA,376.768971691768,3767.68971691768,NA,753.537943383537,376.768971691768,753.537943383537,941.922429229421,941.922429229421,379091.661237404,941.922429229421,941.922429229421,941.922429229421,106437.234502925,94.1922429229421,14279.544027118,941.922429229421,26185.4435325779,102.457205739839,9.41922429229421,376.768971691768,941.922429229421,376.768971691768,1883.84485845884,941.922429229421,941.922429229421,2901.12108202662,1434.40088035774,2151.60132053662,307.371617219517,21852.6003581226,29387.9797919579,28257.6728768826,941.922429229421,1883.84485845884,941.922429229421,2373.64452165814,37.6768971691768,389337.381811388,19215.2175562802,NA,753.537943383537,37.6768971691768,3586.00220089436,1130.30691507531,NA,952852.013380502,13319.4367461791,4709.6121461471,668.430810246709,376.768971691768,376.768971691768,17417.7249757726,3227.40198080493,7723.76391968125
"26","M01-088-1","Dissolved",975,30.7457739884182,0.256010678820945,NA,NA,NA,NA,NA,NA,NA,NA,NA,NA,NA,39.9695061849436,NA,NA,NA,NA,NA,NA,NA,NA,NA,NA,NA,NA,30.7457739884182,NA,NA,NA,NA,33.82035138726,NA,399.695061849436,NA,NA,NA,NA,NA,NA,NA,NA,NA,NA,NA,NA,NA,NA,NA,NA,NA,NA,NA,NA,NA,NA,NA,NA,NA,NA,NA,NA,NA,NA,NA,NA,3074.57739884182,3.07457739884182,NA,NA,2582.64501502713,NA,0.768644349710454,NA,NA,NA,NA,NA,NA,368.949287861018,NA,NA,NA,NA,NA,NA,NA,NA,NA,30.7457739884182,3.07457739884182,NA,NA,NA,NA,3.07457739884182,NA,NA,NA,NA,NA,NA,NA,NA,NA,NA,NA,645.661253756781
"27","M01-088-1","Total",3.542,30.7457739884182,0.256010678820945,NA,NA,NA,NA,NA,NA,NA,NA,NA,NA,NA,NA,NA,NA,NA,NA,NA,NA,NA,NA,NA,NA,NA,NA,NA,NA,NA,NA,NA,NA,NA,NA,NA,NA,NA,NA,NA,NA,NA,NA,NA,NA,NA,NA,NA,3147721399792.87,NA,NA,NA,NA,NA,7167702946516.3,NA,NA,27305535034347.8,NA,NA,NA,NA,NA,NA,NA,NA,NA,NA,NA,NA,NA,NA,NA,NA,NA,NA,NA,NA,NA,NA,NA,NA,NA,NA,NA,NA,NA,NA,NA,NA,NA,NA,NA,NA,NA,NA,NA,NA,NA,39820571925090.5,NA,NA,NA,NA,NA,NA,NA,NA,NA
