Time,J03_9368_2,J03_9368_2,J03_9368_2,J03_9368_1,J03_9368_1,J03_9368_1,J03_9215_3,J03_9215_3,J03_9215_3
and,236.34,231,262,236.34,231,262,236.34,231,262
Date,Mean,Mean,Mean,Mean,Mean,Mean,Mean,Mean,Mean
10/1/2021 0:00,49.1,0.16,0,39.6,0.07,0.001,44.1,0.39,0.022
10/2/2021 0:00,49.1,0.15,0,39.6,0.09,0.001,44.1,0.42,0.027
10/3/2021 0:00,49.1,0.17,0.001,39.6,0.1,0.002,44.1,0.41,0.025
10/4/2021 0:00,49,0.29,0.012,39.5,0.19,0.017,44,0.5,0.052
10/5/2021 0:00,48.9,0.38,0.041,39.4,0.26,0.037,43.9,0.61,0.129
10/6/2021 0:00,49,0.24,0.001,39.6,0.15,0.003,44.1,0.39,0.022
10/7/2021 0:00,49,0.24,0.001,39.5,0.16,0.003,44.1,0.47,0.033
10/8/2021 0:00,48.9,0.39,0.045,39.4,0.28,0.039,43.9,0.59,0.112
10/9/2021 0:00,49,0.21,0.001,39.6,0.1,0.002,44.1,0.39,0.023
10/10/2021 0:00,49,0.21,0.001,39.6,0.08,0.001,44.2,0.33,0.017
10/11/2021 0:00,49,0.27,0.003,39.6,0.12,0.002,44.1,0.39,0.023
10/12/2021 0:00,49.1,0.17,0.002,39.6,0.06,0.001,44.2,0.32,0.016
10/13/2021 0:00,49.1,0.14,0.001,39.6,0.06,0.001,44.1,0.38,0.022
10/14/2021 0:00,49.1,0.17,0.001,39.6,0.08,0.001,44.1,0.38,0.021
10/15/2021 0:00,49.1,0.16,0.001,39.6,0.1,0.003,44.1,0.4,0.024
10/16/2021 0:00,49.1,0.13,0,39.6,0.08,0.001,44.1,0.39,0.023
10/17/2021 0:00,49.1,0.2,0.002,39.6,0.12,0.002,44.1,0.4,0.023
10/18/2021 0:00,49,0.22,0.001,39.6,0.13,0.002,44.1,0.41,0.025
10/19/2021 0:00,49.1,0.18,0.001,39.6,0.11,0.002,44,0.55,0.109
10/20/2021 0:00,49.1,0.19,0.001,39.6,0.12,0.002,44.1,0.47,0.034
10/21/2021 0:00,49.1,0.18,0.001,39.6,0.12,0.002,44.1,0.45,0.031
10/22/2021 0:00,49,0.24,0.002,39.5,0.16,0.003,44,0.48,0.035
10/23/2021 0:00,49,0.24,0.001,39.5,0.15,0.004,44,0.5,0.037
10/24/2021 0:00,49.1,0.17,0.001,39.6,0.13,0.002,44.1,0.46,0.032
10/25/2021 0:00,48.6,0.65,0.699,38.7,1.01,1.4,43.6,0.92,0.42
10/26/2021 0:00,49,0.22,0.001,39.5,0.16,0.005,44,0.52,0.041
10/27/2021 0:00,49.1,0.19,0.001,39.6,0.14,0.004,44,0.53,0.042
10/28/2021 0:00,49.1,0.16,0.001,39.6,0.12,0.002,44,0.55,0.046
10/29/2021 0:00,49,0.22,0.002,39.6,0.14,0.003,44,0.56,0.047
10/30/2021 0:00,49,0.25,0.001,39.5,0.17,0.003,43.9,0.59,0.055
10/31/2021 0:00,49,0.21,0.001,39.6,0.14,0.002,44,0.52,0.041
11/1/2021 0:00,49.1,0.18,0.001,39.6,0.13,0.002,44,0.49,0.036
11/2/2021 0:00,49,0.21,0.001,39.6,0.15,0.003,44,0.51,0.038
11/3/2021 0:00,49,0.21,0.001,39.5,0.16,0.004,44,0.51,0.039
11/4/2021 0:00,49,0.21,0.001,39.6,0.14,0.002,44,0.51,0.039
11/5/2021 0:00,49,0.2,0.001,39.6,0.15,0.003,44,0.49,0.035
11/6/2021 0:00,,,,,,,,,
11/7/2021 0:00,49,0.2,0.001,39.5,0.17,0.004,44,0.52,0.041
11/8/2021 0:00,49.1,0.18,0.001,39.6,0.15,0.003,44.1,0.47,0.034
11/9/2021 0:00,49.1,0.19,0,39.5,0.18,0.004,44,0.5,0.037
11/10/2021 0:00,49.1,0.16,0.001,,,,44.1,0.46,0.032
11/11/2021 0:00,49.1,0.13,0,,,,44.1,0.48,0.036
11/12/2021 0:00,49.1,0.15,0.001,,,,44.1,0.46,0.033
11/13/2021 0:00,49.1,0.13,0,,,,44.1,0.44,0.03
11/14/2021 0:00,49.1,0.12,0,,,,44.1,0.42,0.028
11/15/2021 0:00,49.1,0.11,0,,,,44.1,0.43,0.027
11/16/2021 0:00,49.1,0.18,0,,,,44,0.52,0.04
11/17/2021 0:00,49.1,0.18,0.001,,,,44.1,0.47,0.033
11/18/2021 0:00,49.1,0.19,0.001,,,,44.1,0.42,0.027
11/19/2021 0:00,49,0.24,0.002,,,,44.1,0.43,0.027
11/20/2021 0:00,49,0.2,0.001,,,,44.1,0.44,0.029
11/21/2021 0:00,49.1,0.12,0.001,,,,44.1,0.42,0.027
11/22/2021 0:00,49.1,0.15,0.001,,,,,,
11/23/2021 0:00,49,0.25,0.002,,,,,,
11/24/2021 0:00,49,0.2,0.002,,,,44.2,0.37,0.022
11/25/2021 0:00,49.1,0.16,0.002,,,,,,
11/26/2021 0:00,49.1,0.13,0.001,,,,,,
11/27/2021 0:00,49.1,0.15,0.001,,,,,,
11/28/2021 0:00,49.1,0.14,0.001,,,,,,
11/29/2021 0:00,49.1,0.13,0,,,,,,
11/30/2021 0:00,49.1,0.19,0.001,,,,,,
12/1/2021 0:00,49,0.21,0.001,,,,44,0.48,0.034
12/2/2021 0:00,49,0.24,0.002,,,,44,0.49,0.035
12/3/2021 0:00,49,0.22,0.001,,,,44,0.49,0.036
12/4/2021 0:00,49.1,0.19,0.001,,,,44,0.48,0.034
12/5/2021 0:00,49,0.21,0.001,,,,44.1,0.46,0.032
12/6/2021 0:00,49,0.23,0.002,,,,44,0.49,0.036
12/7/2021 0:00,49,0.24,0.002,,,,44,0.49,0.037
12/8/2021 0:00,49,0.22,0.001,,,,44.1,0.43,0.028
12/9/2021 0:00,49,0.29,0.007,,,,44,0.53,0.05
12/10/2021 0:00,49,0.2,0.001,,,,44.1,0.46,0.032
12/11/2021 0:00,49.1,0.17,0,,,,44.1,0.44,0.029
12/12/2021 0:00,49.1,0.18,0.001,,,,44.1,0.44,0.029
12/13/2021 0:00,48.9,0.3,0.018,,,,44,0.53,0.043
12/14/2021 0:00,46.8,2.48,6.41,,,,42.6,1.95,1.99
12/15/2021 0:00,49,0.25,0.001,,,,44,0.49,0.036
12/16/2021 0:00,48.9,0.3,0.003,,,,44,0.51,0.039
12/17/2021 0:00,49,0.26,0.002,,,,44,0.48,0.035
12/18/2021 0:00,49.1,0.19,0.001,,,,44.1,0.42,0.027
12/19/2021 0:00,49.1,0.19,0.001,,,,44.1,0.41,0.025
12/20/2021 0:00,49,0.23,0.001,,,,44.1,0.47,0.033
12/21/2021 0:00,49,0.24,0.001,,,,44.1,0.43,0.028
12/22/2021 0:00,49,0.25,0.001,,,,44,0.48,0.034
12/23/2021 0:00,47.8,1.43,2.72,,,,43.1,1.45,0.943
12/24/2021 0:00,48.2,1.03,1.4,,,,43.4,1.17,0.832
12/25/2021 0:00,48.8,0.41,0.02,,,,43.9,0.63,0.081
12/26/2021 0:00,48.6,0.63,1,,,,43.6,0.88,0.687
12/27/2021 0:00,48.9,0.37,0.021,,,,43.9,0.58,0.075
12/28/2021 0:00,49,0.27,0.003,,,,44,0.5,0.038
12/29/2021 0:00,48.6,0.69,0.473,,,,43.6,0.89,0.262
12/30/2021 0:00,48.4,0.87,0.574,,,,,,
12/31/2021 0:00,48.9,0.33,0.004,,,,,,
1/1/2022 0:00,49,0.26,0.002,,,,44,0.51,0.039
1/2/2022 0:00,49,0.24,0.001,,,,44,0.49,0.036
1/3/2022 0:00,49,0.21,0.001,,,,44,0.48,0.034
1/4/2022 0:00,49,0.2,0.001,,,,44,0.48,0.035
1/5/2022 0:00,49.1,0.19,0.001,,,,44,0.49,0.036
1/6/2022 0:00,49.1,0.17,0,,,,44,0.52,0.04
1/7/2022 0:00,49,0.26,0.002,,,,44,0.53,0.043
1/8/2022 0:00,49,0.25,0.002,,,,44,0.5,0.037
1/9/2022 0:00,49.1,0.17,0,,,,44,0.5,0.039
1/10/2022 0:00,49,0.2,0.001,,,,44,0.51,0.04
1/11/2022 0:00,49.1,0.17,0.001,,,,44,0.51,0.04
1/12/2022 0:00,49,0.21,0.001,,,,44,0.51,0.04
1/13/2022 0:00,49,0.27,0.002,,,,44,0.53,0.042
1/14/2022 0:00,49,0.24,0.002,,,,44,0.5,0.037
1/15/2022 0:00,48.9,0.3,0.005,,,,44,0.52,0.043
1/16/2022 0:00,49,0.29,0.003,,,,44,0.53,0.042
1/17/2022 0:00,48.9,0.34,0.005,,,,44,0.55,0.045
1/18/2022 0:00,48.9,0.31,0.003,,,,44,0.54,0.043
1/19/2022 0:00,49,0.25,0.002,,,,44,0.49,0.036
1/20/2022 0:00,49,0.2,0.001,,,,44,0.48,0.034
1/21/2022 0:00,49,0.29,0.004,,,,44,0.53,0.042
1/22/2022 0:00,49,0.21,0.002,,,,44,0.52,0.042
1/23/2022 0:00,49.1,0.19,0.001,,,,44,0.49,0.036
1/24/2022 0:00,49,0.24,0.002,,,,44,0.48,0.034
1/25/2022 0:00,49,0.27,0.003,,,,44,0.49,0.036
1/26/2022 0:00,49,0.24,0.002,,,,44,0.56,0.066
1/27/2022 0:00,49,0.23,0.002,,,,44,0.48,0.035
1/28/2022 0:00,49,0.2,0.001,,,,44,0.5,0.037
1/29/2022 0:00,49,0.22,0.001,,,,44,0.52,0.041
1/30/2022 0:00,49,0.24,0.002,,,,44,0.51,0.038
1/31/2022 0:00,49,0.27,0.002,,,,44,0.51,0.039
2/1/2022 0:00,48.9,0.32,0.005,,,,44,0.52,0.04
2/2/2022 0:00,49,0.22,0.002,,,,44,0.53,0.044
2/3/2022 0:00,49,0.21,0.002,,,,44,0.49,0.037
2/4/2022 0:00,49,0.21,0.001,,,,44,0.5,0.039
2/5/2022 0:00,49,0.21,0.002,,,,44,0.48,0.035
2/6/2022 0:00,49,0.21,0.002,40,-0.28,0,44,0.48,0.035
2/7/2022 0:00,49,0.2,0.002,40,-0.28,0,44,0.5,0.038
2/8/2022 0:00,49.1,0.19,0.002,40,-0.28,0,44,0.51,0.039
2/9/2022 0:00,49.1,0.18,0.001,40,-0.3,0,44,0.53,0.043
2/10/2022 0:00,49,0.22,0.002,40,-0.3,0,44,0.54,0.046
2/11/2022 0:00,49,0.2,0.002,40,-0.31,0,44,0.5,0.038
2/12/2022 0:00,49.1,0.18,0.001,40,-0.32,0,44,0.52,0.041
2/13/2022 0:00,49.1,0.18,0.001,40,-0.31,0,44,0.49,0.037
2/14/2022 0:00,49,0.25,0.003,40,-0.3,0,44,0.52,0.041
2/15/2022 0:00,48.9,0.38,0.012,39.9,-0.22,0.002,44,0.56,0.05
2/16/2022 0:00,49,0.25,0.002,40,-0.32,0,44,0.51,0.04
2/17/2022 0:00,49,0.2,0.001,40,-0.32,0,44,0.5,0.038
2/18/2022 0:00,49.1,0.18,0.001,40.1,-0.35,0,44,0.49,0.036
2/19/2022 0:00,49,0.23,0.003,40,-0.33,0,44,0.5,0.037
2/20/2022 0:00,49,0.3,0.004,40,-0.32,0,44,0.53,0.042
2/21/2022 0:00,48.8,0.41,0.014,40,-0.32,0,44,0.54,0.043
2/22/2022 0:00,48.9,0.35,0.008,40,-0.3,0,44,0.52,0.042
2/23/2022 0:00,48.9,0.33,0.023,40,-0.26,0.007,44,0.5,0.054
2/24/2022 0:00,49,0.23,0.002,40.1,-0.36,0,44,0.48,0.035
2/25/2022 0:00,49,0.24,0.001,40.1,-0.37,0,,,
2/26/2022 0:00,49,0.22,0.001,40.1,-0.36,0,44.1,0.45,0.03
2/27/2022 0:00,49,0.21,0.001,40.1,-0.36,0,44.1,0.48,0.034
2/28/2022 0:00,49.1,0.19,0.002,40.1,-0.36,0,44,0.49,0.036
3/1/2022 0:00,49.1,0.18,0.001,40.1,-0.36,0,44,0.49,0.036
3/2/2022 0:00,49.1,0.16,0,39.7,0.04,0.145,,,
3/3/2022 0:00,48.9,0.34,0.009,40,-0.28,0.006,44,0.57,0.073
3/4/2022 0:00,48.9,0.31,0.004,40,-0.29,0,44,0.54,0.043
3/5/2022 0:00,49,0.26,0.002,40.1,-0.35,0,44,0.52,0.041
3/6/2022 0:00,49,0.2,0.001,40.1,-0.36,0,44,0.52,0.04
3/7/2022 0:00,49.1,0.16,0.001,40.1,-0.36,0,44,0.53,0.043
3/8/2022 0:00,49.1,0.19,0.001,40.1,-0.35,0,44,0.52,0.04
3/9/2022 0:00,49,0.27,0.003,40,-0.33,0,44,0.57,0.049
3/10/2022 0:00,49,0.3,0.003,40,-0.33,0,44,0.55,0.045
3/11/2022 0:00,49.1,0.17,0.001,40.1,-0.38,0,44,0.5,0.039
3/12/2022 0:00,49.1,0.18,0.001,40.1,-0.37,0,44,0.52,0.041
3/13/2022 0:00,49,0.27,0.003,40.1,-0.35,0,44,0.55,0.046
3/14/2022 0:00,49,0.23,0.002,40,-0.34,0,44,0.54,0.044
3/15/2022 0:00,49,0.27,0.002,40,-0.34,0,44,0.55,0.045
3/16/2022 0:00,49,0.29,0.004,40,-0.34,0,44,0.54,0.044
3/17/2022 0:00,49,0.2,0.001,40.1,-0.36,0,44,0.53,0.042
3/18/2022 0:00,49,0.2,0.001,40.1,-0.36,0,44,0.51,0.039
3/19/2022 0:00,48.9,0.34,0.011,40,-0.27,0.003,43.9,0.63,0.074
3/20/2022 0:00,49,0.27,0.007,40,-0.31,0,44,0.56,0.052
3/21/2022 0:00,49.1,0.18,0.001,40.1,-0.37,0,44,0.53,0.042
3/22/2022 0:00,49.1,0.16,0,40.1,-0.37,0,44,0.54,0.045
3/23/2022 0:00,49.1,0.16,0.001,40.1,-0.37,0,44,0.54,0.045
3/24/2022 0:00,49.1,0.16,0.001,40.1,-0.37,0,44,0.55,0.046
3/25/2022 0:00,49,0.2,0.001,40.1,-0.36,0,44,0.57,0.048
3/26/2022 0:00,49,0.26,0.002,40,-0.34,0,44,0.56,0.048
3/27/2022 0:00,49,0.25,0.002,40.1,-0.37,0,43.9,0.59,0.054
3/28/2022 0:00,47.5,1.79,4.18,38,1.69,5.27,42.9,1.62,1.5
3/29/2022 0:00,49,0.29,0.003,40.1,-0.35,0,44,0.54,0.045
3/30/2022 0:00,48.9,0.3,0.003,40.1,-0.35,0,44,0.56,0.047
3/31/2022 0:00,48.9,0.32,0.004,40.1,-0.37,0,43.9,0.61,0.056
4/1/2022 0:00,48.9,0.3,0.003,40.1,-0.36,0,44,0.57,0.049
4/2/2022 0:00,48.9,0.32,0.004,40.1,-0.36,0,43.9,0.58,0.052
4/3/2022 0:00,48.9,0.33,0.004,40.1,-0.35,0,43.9,0.6,0.054
4/4/2022 0:00,48.9,0.32,0.004,40.1,-0.38,0,44,0.57,0.049
4/5/2022 0:00,49,0.28,0.003,40.1,-0.39,0,44,0.54,0.044
4/6/2022 0:00,49,0.24,0.002,40.1,-0.4,0,44,0.56,0.048
4/7/2022 0:00,49.1,0.11,0,40.2,-0.45,0,44,0.56,0.049
4/8/2022 0:00,49.1,0.12,0,40.2,-0.46,0,44,0.54,0.044
4/9/2022 0:00,48.9,0.3,0.005,40.1,-0.42,0,44,0.55,0.046
4/10/2022 0:00,48.9,0.31,0.003,40.1,-0.42,0,44,0.57,0.049
4/11/2022 0:00,48.9,0.3,0.004,40.1,-0.42,0,44,0.57,0.048
4/12/2022 0:00,49,0.22,0.001,40.1,-0.44,0,44,0.51,0.038
4/13/2022 0:00,49,0.22,0.002,40.1,-0.43,0,44,0.51,0.039
4/14/2022 0:00,49,0.23,0.002,40.1,-0.4,0,44,0.5,0.038
4/15/2022 0:00,49,0.26,0.003,40.1,-0.39,0,44,0.5,0.038
4/16/2022 0:00,48.9,0.31,0.004,40.1,-0.36,0,44,0.52,0.04
4/17/2022 0:00,49,0.28,0.003,40.1,-0.4,0,44,0.52,0.041
4/18/2022 0:00,49,0.24,0.002,40.1,-0.41,0,44,0.5,0.038
4/19/2022 0:00,49,0.27,0.002,40.1,-0.4,0,44,0.53,0.042
4/20/2022 0:00,49,0.22,0.001,40.1,-0.44,0,44,0.53,0.042
4/21/2022 0:00,49,0.22,0.001,40.1,-0.42,0,44,0.51,0.04
4/22/2022 0:00,48.8,0.4,0.278,40,-0.32,0.025,43.9,0.6,0.143
4/23/2022 0:00,49.1,0.19,0.001,40.1,-0.42,0,44,0.5,0.038
4/24/2022 0:00,49.1,0.15,0,40.1,-0.41,0,44,0.5,0.038
4/25/2022 0:00,49.1,0.14,0,40.1,-0.44,0,44,0.52,0.04
4/26/2022 0:00,49,0.25,0.002,40.1,-0.44,0,44,0.55,0.046
4/27/2022 0:00,49,0.26,0.002,40.1,-0.42,0,44,0.57,0.048
4/28/2022 0:00,49,0.26,0.002,40.1,-0.42,0,44,0.55,0.046
4/29/2022 0:00,49,0.21,0.001,40.1,-0.43,0,44,0.52,0.04
4/30/2022 0:00,49,0.22,0.002,40.1,-0.42,0,44,0.52,0.041
5/1/2022 0:00,49,0.29,0.003,40.1,-0.43,0,44,0.56,0.048
5/2/2022 0:00,49,0.28,0.002,40.1,-0.4,0,44,0.57,0.049
5/3/2022 0:00,49,0.25,0.002,40.2,-0.48,0,44,0.56,0.046
5/4/2022 0:00,49,0.26,0.003,40.1,-0.43,0,44,0.52,0.041
5/5/2022 0:00,49,0.25,0.002,40.1,-0.44,0,44,0.54,0.044
5/6/2022 0:00,49,0.25,0.002,40.2,-0.46,0,44,0.57,0.049
5/7/2022 0:00,49,0.26,0.002,40.1,-0.4,0,44,0.56,0.047
5/8/2022 0:00,49,0.25,0.002,40.2,-0.45,0,44,0.57,0.049
5/9/2022 0:00,49.1,0.18,0.001,40.2,-0.47,0,44,0.53,0.042
5/10/2022 0:00,49.1,0.17,0.001,40.2,-0.46,0,44,0.49,0.035
5/11/2022 0:00,49.1,0.16,0.001,40.2,-0.45,0,44,0.5,0.038
5/12/2022 0:00,49.1,0.13,0,40.2,-0.47,0,44,0.5,0.037
5/13/2022 0:00,49.1,0.13,0.001,40.2,-0.47,0,44,0.52,0.041
5/14/2022 0:00,49.1,0.13,0.001,40.2,-0.49,0,44,0.53,0.042
5/15/2022 0:00,49,0.21,0.002,40.1,-0.44,0,44,0.54,0.044
5/16/2022 0:00,49,0.24,0.001,40.1,-0.44,0,44,0.56,0.047
5/17/2022 0:00,49,0.2,0.001,40.2,-0.48,0,43.9,0.58,0.051
5/18/2022 0:00,49.1,0.14,0,40.2,-0.46,0,44,0.57,0.048
5/19/2022 0:00,49.1,0.14,0,40.1,-0.44,0,44,0.56,0.048
5/20/2022 0:00,49,0.24,0.004,40.1,-0.35,0.001,43.9,0.62,0.062
5/21/2022 0:00,49.1,0.17,0,40.1,-0.4,0,43.9,0.59,0.053
5/22/2022 0:00,49.1,0.16,0,40.1,-0.42,0,44,0.57,0.05
5/23/2022 0:00,49.1,0.11,0,40.2,-0.47,0,44,0.57,0.048
5/24/2022 0:00,49,0.21,0.001,40.2,-0.46,0,44,0.58,0.05
5/25/2022 0:00,49.1,0.16,0.001,40.2,-0.48,0,43.9,0.58,0.05
5/26/2022 0:00,49.1,0.14,0,40.2,-0.47,0,43.9,0.59,0.052
5/27/2022 0:00,49.1,0.11,0,40.2,-0.48,0,44,0.56,0.047
5/28/2022 0:00,49.1,0.11,0,40.2,-0.47,0,44,0.57,0.049
5/29/2022 0:00,49.1,0.12,0,40.2,-0.46,0,43.9,0.58,0.051
5/30/2022 0:00,49.1,0.1,0,40.2,-0.5,0,44,0.55,0.046
5/31/2022 0:00,49.2,0.09,0,40.2,-0.49,0,43.9,0.6,0.055
6/1/2022 0:00,49.1,0.11,0,40.2,-0.48,0,43.8,0.69,0.074
6/2/2022 0:00,49.1,0.12,0,40.2,-0.5,0,43.9,0.59,0.052
6/3/2022 0:00,49.1,0.11,0,40.2,-0.5,0,43.9,0.59,0.054
6/4/2022 0:00,49.1,0.13,0,40.2,-0.53,0,43.9,0.62,0.059
6/5/2022 0:00,49.1,0.13,0,40.2,-0.51,0,43.9,0.61,0.058
6/6/2022 0:00,49.1,0.15,0.001,40.2,-0.53,0,43.9,0.62,0.06
6/7/2022 0:00,49.1,0.15,0,40.2,-0.51,0,43.9,0.67,0.071
6/8/2022 0:00,49.1,0.16,0.002,40.2,-0.5,0,43.8,0.77,0.095
6/9/2022 0:00,49.1,0.11,0,40.2,-0.54,0,43.7,0.78,0.098
6/10/2022 0:00,49.1,0.17,0.001,40.2,-0.52,0,43.7,0.83,0.112
6/11/2022 0:00,49.1,0.14,0.001,40.2,-0.47,0,43.7,0.82,0.108
6/12/2022 0:00,49.1,0.16,0.001,40.2,-0.52,0,43.9,0.67,0.072
6/13/2022 0:00,49,0.2,0.001,40.2,-0.53,0,43.9,0.59,0.053
6/14/2022 0:00,49,0.22,0.001,40.3,-0.55,0,44,0.57,0.049
6/15/2022 0:00,49,0.23,0.002,40.2,-0.54,0,44,0.57,0.049
6/16/2022 0:00,49,0.23,0.002,40.2,-0.53,0,44,0.56,0.048
6/17/2022 0:00,49,0.21,0.001,40.3,-0.57,0,44,0.55,0.046
6/18/2022 0:00,49.1,0.1,0.001,40.2,-0.52,0,44,0.56,0.047
6/19/2022 0:00,49.1,0.12,0.001,40.2,-0.49,0,44,0.51,0.04
6/20/2022 0:00,49.1,0.14,0.001,40.2,-0.5,0,44,0.52,0.04
6/21/2022 0:00,49.1,0.19,0.001,40.2,-0.52,0,43.9,0.59,0.053
6/22/2022 0:00,49.1,0.16,0.001,40.2,-0.46,0,44,0.57,0.052
6/23/2022 0:00,49.1,0.1,0.001,40.2,-0.52,0,44,0.55,0.045
6/24/2022 0:00,49.2,0.09,0.001,40.2,-0.5,0,44,0.55,0.046
6/25/2022 0:00,49.2,0.09,0.001,40.2,-0.5,0,44,0.53,0.043
6/26/2022 0:00,49.1,0.1,0.001,40.2,-0.49,0,44,0.56,0.048
6/27/2022 0:00,49.1,0.17,0.002,40.2,-0.49,0,44,0.55,0.046
6/28/2022 0:00,49.1,0.15,0.006,40.2,-0.52,0,44,0.57,0.05
6/29/2022 0:00,49.1,0.18,0.001,40.2,-0.53,0,43.9,0.59,0.053
6/30/2022 0:00,49.1,0.13,0,40.2,-0.51,0,44,0.57,0.05
7/1/2022 0:00,49.1,0.14,0.001,40.2,-0.52,0,43.9,0.58,0.051
7/2/2022 0:00,49.1,0.1,0,40.2,-0.53,0,44,0.57,0.049
7/3/2022 0:00,49.1,0.14,0,40.2,-0.5,0,43.9,0.59,0.053
7/4/2022 0:00,49.1,0.14,0.001,40.2,-0.47,0,44,0.57,0.05
7/5/2022 0:00,49.1,0.12,0,40.2,-0.45,0,44,0.57,0.048
7/6/2022 0:00,49.1,0.15,0.001,40.2,-0.46,0,44,0.57,0.049
7/7/2022 0:00,49.1,0.15,0.001,40.2,-0.49,0,43.9,0.58,0.051
7/8/2022 0:00,49,0.2,0.001,40.2,-0.51,0,43.9,0.6,0.055
7/9/2022 0:00,49.1,0.16,0.001,40.2,-0.51,0,44,0.56,0.048
7/10/2022 0:00,49.1,0.14,0.001,40.2,-0.49,0,44,0.57,0.049
7/11/2022 0:00,49.1,0.18,0.001,40.2,-0.49,0,43.9,0.58,0.051
7/12/2022 0:00,49.1,0.17,0.001,40.2,-0.49,0,44,0.58,0.05
7/13/2022 0:00,49.1,0.16,0.001,40.2,-0.51,0,44,0.56,0.047
7/14/2022 0:00,49.1,0.17,0.001,40.2,-0.5,0,43.9,0.58,0.051
7/15/2022 0:00,49,0.2,0.002,40.2,-0.5,0,43.9,0.59,0.053
7/16/2022 0:00,49,0.24,0.002,40.2,-0.5,0,43.9,0.59,0.052
7/17/2022 0:00,49,0.23,0.002,40.2,-0.48,0,43.9,0.58,0.051
7/18/2022 0:00,49,0.27,0.004,40.2,-0.49,0,44,0.57,0.05
7/19/2022 0:00,49,0.22,0.002,40.2,-0.46,0,44,0.57,0.051
7/20/2022 0:00,49,0.22,0.002,40.2,-0.5,0,44,0.58,0.051
7/21/2022 0:00,49,0.22,0.002,40.2,-0.49,0,44,0.57,0.048
7/22/2022 0:00,49,0.23,0.001,40.2,-0.51,0,43.9,0.59,0.052
7/23/2022 0:00,49,0.25,0.002,40.3,-0.55,0,43.9,0.58,0.051
7/24/2022 0:00,49,0.24,0.002,40.2,-0.51,0,44,0.57,0.049
7/25/2022 0:00,49,0.25,0.002,40.2,-0.5,0,44,0.57,0.049
7/26/2022 0:00,49,0.24,0.002,40.2,-0.53,0,44,0.57,0.05
7/27/2022 0:00,49,0.25,0.002,40.2,-0.51,0,44,0.56,0.047
7/28/2022 0:00,49,0.27,0.002,40.2,-0.51,0,44,0.57,0.049
7/29/2022 0:00,49,0.27,0.002,40.2,-0.49,0,43.9,0.58,0.051
7/30/2022 0:00,49,0.29,0.003,40.2,-0.48,0,43.9,0.59,0.052
7/31/2022 0:00,48.9,0.31,0.006,40.2,-0.46,0,43.9,0.6,0.059
8/1/2022 0:00,49,0.27,0.003,40.2,-0.48,0,44,0.49,0.038
8/2/2022 0:00,49,0.26,0.004,40.2,-0.46,0,44,0.54,0.044
8/3/2022 0:00,49,0.26,0.003,40.2,-0.49,0,43.9,0.58,0.051
8/4/2022 0:00,49,0.27,0.002,40.2,-0.47,0,44,0.56,0.048
8/5/2022 0:00,49,0.25,0.002,40.2,-0.47,0,44,0.55,0.045
8/6/2022 0:00,49,0.23,0.003,40.2,-0.49,0,44,0.53,0.042
8/7/2022 0:00,49,0.22,0.003,40.2,-0.47,0,44,0.53,0.043
8/8/2022 0:00,48.9,0.3,0.004,40.2,-0.45,0,43.9,0.58,0.051
8/9/2022 0:00,49,0.26,0.003,40.2,-0.46,0,44,0.53,0.043
8/10/2022 0:00,49,0.25,0.004,40.2,-0.47,0,44,0.51,0.039
8/11/2022 0:00,49,0.2,0.001,40.2,-0.48,0,44,0.52,0.041
8/12/2022 0:00,49.1,0.19,0.002,40.2,-0.46,0,44,0.52,0.041
8/13/2022 0:00,49,0.27,0.003,40.2,-0.45,0,44,0.55,0.046
8/14/2022 0:00,49,0.23,0.002,40.1,-0.43,0,44,0.55,0.046
8/15/2022 0:00,49,0.24,0.003,40.1,-0.42,0,44,0.56,0.048
8/16/2022 0:00,49,0.26,0.002,40.1,-0.44,0,44,0.54,0.044
8/17/2022 0:00,49,0.28,0.003,40.1,-0.43,0,44,0.56,0.047
8/18/2022 0:00,49,0.25,0.003,40.2,-0.45,0,44,0.55,0.046
8/19/2022 0:00,49,0.28,0.003,40.2,-0.45,0,44,0.56,0.047
8/20/2022 0:00,48.9,0.33,0.004,40.1,-0.44,0,43.9,0.59,0.053
8/21/2022 0:00,49,0.3,0.003,40.1,-0.44,0,44,0.57,0.049
8/22/2022 0:00,48.9,0.3,0.004,40.1,-0.4,0,44,0.56,0.047
8/23/2022 0:00,49,0.29,0.003,40.1,-0.41,0,44,0.56,0.048
8/24/2022 0:00,48.9,0.32,0.004,40.1,-0.44,0,43.9,0.58,0.05
8/25/2022 0:00,48.9,0.3,0.004,40.1,-0.42,0,44,0.58,0.05
8/26/2022 0:00,49,0.29,0.003,40.1,-0.41,0,44,0.56,0.048
8/27/2022 0:00,48.9,0.32,0.004,40.1,-0.4,0,44,0.57,0.049
8/28/2022 0:00,48.9,0.3,0.003,40.1,-0.44,0,44,0.55,0.045
8/29/2022 0:00,49,0.28,0.003,40.1,-0.37,0.024,44,0.55,0.045
8/30/2022 0:00,49,0.23,0.003,40.1,-0.43,0,44,0.53,0.043
8/31/2022 0:00,49.1,0.19,0.001,40.1,-0.44,0,43.9,0.6,0.058
9/1/2022 0:00,48.9,0.3,0.006,40.1,-0.43,0,44,0.51,0.039
9/2/2022 0:00,49,0.26,0.003,40.1,-0.43,0,44,0.55,0.045
9/3/2022 0:00,49,0.22,0.001,40.1,-0.42,0,44,0.52,0.04
9/4/2022 0:00,48.9,0.33,0.006,40.1,-0.41,0,44,0.56,0.048
9/5/2022 0:00,49,0.28,0.003,40.1,-0.43,0,44,0.54,0.044
9/6/2022 0:00,49,0.26,0.003,40.1,-0.42,0,44,0.54,0.044
9/7/2022 0:00,49,0.24,0.002,40.2,-0.46,0,44,0.53,0.043
9/8/2022 0:00,49,0.23,0.002,40.1,-0.43,0,44,0.54,0.043
9/9/2022 0:00,48.8,0.42,0.036,40,-0.26,0.021,43.8,0.74,0.187
9/10/2022 0:00,48.9,0.39,0.014,40.1,-0.36,0,43.9,0.58,0.051
9/11/2022 0:00,48.9,0.36,0.006,40.1,-0.36,0,44,0.56,0.047
9/12/2022 0:00,48.9,0.32,0.004,40.1,-0.39,0,44,0.52,0.041
9/13/2022 0:00,48.9,0.34,0.005,40.1,-0.43,0,44,0.51,0.039
9/14/2022 0:00,48.9,0.32,0.004,40.2,-0.45,0,44,0.52,0.041
9/15/2022 0:00,49,0.27,0.002,40.1,-0.42,0,44,0.5,0.038
9/16/2022 0:00,49,0.25,0.002,40.1,-0.43,0,44.1,0.47,0.033
9/17/2022 0:00,49,0.29,0.003,40.1,-0.36,0,44,0.52,0.041
9/18/2022 0:00,49,0.29,0.003,40.1,-0.4,0,44,0.49,0.036
9/19/2022 0:00,49,0.25,0.002,40.1,-0.38,0,44,0.49,0.036
9/20/2022 0:00,49,0.26,0.002,40.1,-0.37,0,44,0.48,0.034
9/21/2022 0:00,49,0.23,0.002,40.1,-0.4,0,44.1,0.45,0.03
9/22/2022 0:00,49.1,0.17,0.001,40.1,-0.4,0,44.1,0.43,0.028
9/23/2022 0:00,49,0.2,0.001,40.1,-0.39,0,44.1,0.47,0.032
9/24/2022 0:00,49,0.23,0.002,40.1,-0.38,0,44,0.51,0.04
9/25/2022 0:00,49,0.21,0.001,40.1,-0.38,0,44,0.48,0.034
9/26/2022 0:00,49,0.25,0.002,40.1,-0.4,0,44,0.48,0.034
9/27/2022 0:00,49,0.23,0.002,40.1,-0.4,0,44,0.51,0.038
9/28/2022 0:00,49,0.29,0.004,40.1,-0.39,0,44,0.51,0.039
9/29/2022 0:00,48.9,0.34,0.005,40.1,-0.37,0,44,0.54,0.043
9/30/2022 0:00,48.9,0.32,0.004,40.1,-0.42,0,44,0.52,0.039
10/1/2022 0:00,48.9,0.3,0.003,40.1,-0.41,0,44,0.51,0.039
